-- phpMyAdmin SQL Dump
-- version 4.7.4
-- https://www.phpmyadmin.net/
--
-- Host: 127.0.0.1
-- Generation Time: 2018-07-02 05:41:25
-- 服务器版本： 10.1.29-MariaDB
-- PHP Version: 7.2.0

SET SQL_MODE = "NO_AUTO_VALUE_ON_ZERO";
SET AUTOCOMMIT = 0;
START TRANSACTION;
SET time_zone = "+00:00";


/*!40101 SET @OLD_CHARACTER_SET_CLIENT=@@CHARACTER_SET_CLIENT */;
/*!40101 SET @OLD_CHARACTER_SET_RESULTS=@@CHARACTER_SET_RESULTS */;
/*!40101 SET @OLD_COLLATION_CONNECTION=@@COLLATION_CONNECTION */;
/*!40101 SET NAMES utf8mb4 */;

--
-- Database: `patient_data`
--

-- --------------------------------------------------------

--
-- 表的结构 `luru_data`
--

CREATE TABLE `luru_data` (
  `id` int(11) NOT NULL,
  `kind_one` int(11) NOT NULL,
  `kind_two` int(11) NOT NULL,
  `kind_thr` int(11) NOT NULL,
  `inhtml` varchar(50) NOT NULL,
  `invalue` varchar(50) NOT NULL,
  `content` varchar(50) NOT NULL
) ENGINE=InnoDB DEFAULT CHARSET=utf8;

--
-- 转存表中的数据 `luru_data`
--

INSERT INTO `luru_data` (`id`, `kind_one`, `kind_two`, `kind_thr`, `inhtml`, `invalue`, `content`) VALUES
(1, 1, 12, 1, '突然开始', '突然开始', 'checkbox'),
(2, 1, 12, 2, '缓慢开始', '缓慢开始', 'checkbox'),
(3, 1, 13, 1, '持续性', '持续性', 'checkbox'),
(4, 1, 13, 2, '间歇性', '间歇性', 'checkbox'),
(5, 1, 14, 1, '第一次发病时间:', '', 'text'),
(6, 1, 15, 1, '最近一次发病时间:', '', 'text'),
(7, 1, 17, 1, '多长时间发作一次:', '', 'text'),
(8, 1, 16, 1, '眩晕一直存在', '眩晕一直存在', 'checkbox'),
(9, 1, 16, 2, '时轻时重', '眩晕时轻时重', 'checkbox'),
(10, 1, 16, 3, '时发时好', '眩晕时发时好', 'checkbox'),
(11, 1, 5, 1, '每次发作时，多长时间停止:', '', 'text'),
(12, 1, 5, 2, '秒', '秒', 'checkbox'),
(13, 1, 5, 3, '分钟', '分钟', 'checkbox'),
(14, 1, 5, 4, '小时', '小时', 'checkbox'),
(15, 1, 5, 5, '天', '天', 'checkbox'),
(16, 1, 18, 1, '能否预感将要发病？', '能预感将要发病', 'null'),
(17, 1, 18, 2, '什么样的感觉:', '', 'text'),
(18, 1, 6, 1, '发病时在做什么事（具体）:', '', 'text'),
(19, 1, 7, 2, '是否在起床时发病或躺卧过程中发病？', '有在起床时发病或躺卧过程中发病', 'checkbox'),
(20, 1, 7, 1, '头及身体转动时，眩晕加重否？', '头及身体转动时，眩晕加重', 'checkbox'),
(21, 1, 7, 3, '与某种体位及头位有关系否？', '与某种体位及头位有关系', 'checkbox'),
(22, 1, 8, 1, '何种情况可使眩晕加重或减轻:', '', 'text'),
(23, 1, 19, 1, '黑暗中行走是否有困难？', '黑暗中行走是有困难', 'checkbox'),
(24, 1, 20, 1, '两次发作之间是否还有不舒服？', '两次发作之间是还有不舒服', 'null'),
(25, 1, 20, 2, '什么感觉:', '', 'text'),
(26, 2, 2, 1, '你是否认为有什么可能的原因使你发病：', '认为以下原因可能使其发病', 'null'),
(28, 2, 2, 3, '其他疾病', '其他疾病', 'checkbox'),
(29, 2, 2, 4, '过度劳累', '过度劳累', 'checkbox'),
(30, 2, 2, 5, '剧烈的体力运动', '剧烈的体力运动', 'checkbox'),
(31, 2, 2, 6, '长期心情不愉悦', '长期心情不愉悦', 'checkbox'),
(32, 2, 2, 7, '感冒', '感冒', 'checkbox'),
(33, 2, 2, 8, '头外伤史', '头外伤史', 'checkbox'),
(34, 2, 2, 9, '饥饿时', '饥饿时', 'checkbox'),
(35, 2, 3, 1, '发病与月经期有无关系', '发病与月经期有关系', 'checkbox'),
(36, 2, 4, 1, '是否口服避孕药', '有口服避孕药', 'checkbox'),
(37, 2, 5, 1, '最近服什么药:', '', 'text'),
(38, 2, 6, 1, '有无晕车、晕船史', '有晕车、晕船史', 'checkbox'),
(39, 2, 7, 1, '有无高血压', '有高血压', 'checkbox'),
(40, 2, 7, 2, '高血脂', '有高血脂', 'checkbox'),
(41, 2, 7, 3, '糖尿病史', '有糖尿病史', 'checkbox'),
(42, 2, 8, 1, '有无刺激物（如气体）接触史', '有刺激物（如气体）接触史', 'checkbox'),
(43, 2, 8, 2, '有无吸烟史', '有吸烟史', 'checkbox'),
(44, 2, 8, 3, '饮酒史', '有饮酒史', 'checkbox'),
(45, 2, 8, 4, '量多少:', '', 'text'),
(46, 2, 9, 1, '家族中是否有其他人也患眩晕', '家族中是有其他人也患眩晕', 'checkbox'),
(47, 1, 1, 1, '外界物体旋转或自身旋转', '外界物体旋转或自身旋转', 'checkbox'),
(48, 1, 1, 2, '漂浮感', '漂浮感', 'checkbox'),
(49, 1, 1, 3, '晃动感', '晃动感', 'checkbox'),
(50, 1, 1, 4, '上下移动感', '上下移动感', 'checkbox'),
(51, 1, 1, 5, '左右移动感', '左右移动感', 'checkbox'),
(52, 1, 2, 1, '行走时失平衡', '行走时失平衡', 'checkbox'),
(53, 1, 2, 2, '向右倾斜', '向右倾斜', 'checkbox'),
(54, 1, 2, 3, '向左倾斜', '向左倾斜', 'checkbox'),
(55, 1, 3, 1, '倾倒', '倾倒', 'checkbox'),
(56, 1, 3, 2, '向右', '向右', 'checkbox'),
(57, 1, 3, 3, '向左', '向左', 'checkbox'),
(58, 1, 3, 4, '向前', '向前', 'checkbox'),
(59, 1, 3, 5, '向后', '向后', 'checkbox'),
(60, 1, 4, 1, '头重脚轻', '头重脚轻', 'checkbox'),
(61, 1, 4, 2, '头晕', '头晕', 'checkbox'),
(62, 1, 4, 4, '头沉重感', '头沉重感', 'checkbox'),
(63, 1, 4, 3, '头压迫感', '头压迫感', 'checkbox'),
(64, 1, 4, 5, '头不适感', '头不适感', 'checkbox'),
(65, 1, 4, 6, '头空虚感', '头空虚感', 'checkbox'),
(66, 1, 4, 7, '像要昏过去或眼前发黑', '像要昏过去或眼前发黑', 'checkbox'),
(67, 1, 4, 8, '意识丧失', '意识丧失', 'checkbox'),
(68, 1, 9, 3, '头痛', '头痛', 'checkbox'),
(69, 1, 9, 4, '其他部位:', '', 'text'),
(70, 1, 21, 1, '伴恶心、呕吐', '伴恶心、呕吐', 'checkbox'),
(71, 1, 22, 1, '其他症状（具体描述）:', '', 'text'),
(72, 1, 10, 1, '有无听力减退', '有听力减退', 'checkbox'),
(73, 1, 10, 2, '耳鸣', '有耳鸣', 'checkbox'),
(74, 1, 10, 3, '耳胀满感', '有耳胀满感', 'checkbox'),
(75, 1, 10, 4, '堵塞感', '有堵塞感', 'checkbox'),
(76, 1, 10, 5, '何侧:', '', 'text'),
(77, 1, 11, 1, '眩晕发作时   听力减退、耳鸣、耳胀满感的程度有无加重', '眩晕发作时   听力减退、耳鸣、耳胀满感的程度有加重', 'checkbox'),
(78, 1, 11, 2, '减轻', '眩晕发作时   听力减退、耳鸣、耳胀满感的程度有减轻', 'checkbox'),
(79, 1, 11, 3, '或停止', '眩晕发作时   听力减退、耳鸣、耳胀满感的程度有停止', 'checkbox'),
(80, 2, 1, 1, '有无耳痛', '有耳痛', 'checkbox'),
(81, 2, 1, 2, '耳流脓', '有耳流脓', 'checkbox'),
(82, 2, 1, 3, '耳手术史', '有耳手术史', 'checkbox'),
(83, 2, 1, 4, '何侧何时（中间空格）:', '', 'text'),
(85, 3, 1, 1, '有无把一件物体看成两个（复视）？', '有把一件物体看成两个（复视）', 'checkbox'),
(86, 3, 2, 1, '有无视力模糊？', '有视力模糊', 'checkbox'),
(87, 3, 3, 1, '最近是否更换了眼镜？', '最近更换了眼镜', 'checkbox'),
(88, 4, 1, 1, '有无面部、上肢或下肢麻木', '有面部、上肢或下肢麻木', 'checkbox'),
(89, 4, 2, 1, '有无神志不清', '有神志不清', 'checkbox'),
(90, 4, 3, 1, '有无上下肢活动笨拙、手中物体不自主掉下', '有上下肢活动笨拙、手中物体不自主掉下', 'checkbox'),
(91, 4, 4, 1, '有无说话困难或词不达意', '有说话困难或词不达意', 'checkbox'),
(92, 4, 5, 1, '有无吞咽困难', '有吞咽困难', 'checkbox'),
(93, 4, 6, 1, '有无口周麻木感或手震颤', '有口周麻木感或手震颤', 'checkbox'),
(95, 6, 1, 1, '自发性眼震:', '自发性眼震:', 'null'),
(96, 6, 1, 2, '无', '无', 'checkbox'),
(97, 6, 1, 3, '有（自发向右眼震）', '有（自发向右眼震）', 'checkbox'),
(98, 6, 1, 4, '有（自发向左眼震）', '有（自发向左眼震）', 'checkbox'),
(99, 6, 1, 5, '有（自发向上眼震）', '有（自发向上眼震）', 'checkbox'),
(100, 6, 1, 6, '有（自发向下眼震）', '有（自发向下眼震）', 'checkbox'),
(101, 6, 2, 1, '凝视试验:', '凝视试验:', 'null'),
(102, 6, 2, 2, '正常', '正常', 'checkbox'),
(103, 6, 2, 3, '异常', '异常', 'checkbox'),
(104, 6, 2, 4, '有 burn°s眼震', '有 burn°s眼震', 'checkbox'),
(105, 6, 2, 5, '无 burn°s眼震', '无 burn°s眼震', 'checkbox'),
(106, 6, 3, 1, '扫视试验:', '扫视试验:', 'null'),
(107, 6, 3, 2, '正常', '正常', 'checkbox'),
(108, 6, 3, 3, '异常（欠冲）', '异常（欠冲）', 'checkbox'),
(109, 6, 3, 4, '异常（过冲）', '异常（过冲）', 'checkbox'),
(110, 6, 4, 1, '平滑跟踪试验:', '平滑跟踪试验:', 'null'),
(111, 6, 4, 2, 'Ⅰ 型', 'Ⅰ 型', 'checkbox'),
(112, 6, 4, 3, 'Ⅱ 型', 'Ⅱ 型', 'checkbox'),
(113, 6, 4, 4, 'Ⅲ 型', 'Ⅲ 型', 'checkbox'),
(114, 6, 4, 5, 'Ⅳ 型', 'Ⅳ 型', 'checkbox'),
(115, 6, 3, 5, '准确度', '%', 'text'),
(116, 6, 5, 1, '视动试验:', '视动试验:', 'null'),
(117, 6, 5, 2, '左右向视动反应（对称）', '左右向视动反应（对称）', 'checkbox'),
(118, 6, 5, 3, '（不对称）', '左右向视动反应（不对称）', 'checkbox'),
(119, 6, 6, 1, '冷热试验:', '冷热试验:', 'null'),
(120, 6, 6, 2, '', '', 'text'),
(121, 6, 6, 3, '', '', 'text'),
(122, 6, 6, 4, '', '', 'text'),
(123, 6, 6, 5, '', '', 'text'),
(124, 6, 6, 6, '', '', 'text'),
(125, 6, 6, 7, '', '', 'text'),
(126, 6, 6, 8, '', '', 'text'),
(127, 6, 6, 9, '', '', 'text'),
(128, 6, 7, 1, '单侧减弱:', '%(L/R)', 'text'),
(129, 6, 8, 1, '优势偏向:', '%(L/R)', 'text'),
(130, 6, 9, 1, '迷路反应:', '°/s(L/R)', 'text'),
(131, 6, 12, 1, '印象：提示', '印象：提示', 'null'),
(132, 6, 12, 2, '（1）', '自发向左/右/下/上眼震', 'text'),
(133, 6, 12, 3, '（2）', '（y/s）视动中枢异常，建议结合病史必要时排除中枢病变', 'text'),
(134, 6, 12, 4, '（3）', '（y/s）双侧前庭功能大致正常', 'text'),
(135, 8, 1, 1, '', '', 'textarea'),
(136, 1, 9, 1, '畏光', '畏光', 'checkbox'),
(137, 1, 9, 2, '畏声', '畏声', 'checkbox'),
(138, 1, 7, 4, '身体不动时，眩晕发作否？', '身体不动时，有眩晕发作', 'checkbox'),
(149, 5, 1, 1, 'BppV', 'BppV', 'checkbox'),
(150, 5, 1, 2, 'VM', 'VM', 'checkbox'),
(151, 5, 1, 3, 'MD', 'MD', 'checkbox'),
(152, 5, 1, 4, 'VN', 'VN', 'checkbox'),
(153, 5, 1, 5, '突聋', '突聋', 'checkbox'),
(154, 5, 1, 6, 'PPPD', 'PPPD', 'checkbox'),
(155, 5, 1, 7, '其他:', '', 'text'),
(156, 7, 1, 1, 'BppV', 'BppV', 'checkbox'),
(157, 7, 1, 2, 'VM', 'VM', 'checkbox'),
(158, 7, 1, 3, 'MD', 'MD', 'checkbox'),
(159, 7, 1, 4, 'VN', 'VN', 'checkbox'),
(160, 7, 1, 5, '突聋', '突聋', 'checkbox'),
(161, 7, 1, 6, 'PPPD', 'PPPD', 'checkbox'),
(162, 7, 1, 7, '其他:', '', 'text'),
(164, 6, 10, 1, '摇头试验:', '（+ / -）向左 / 右 / 上 / 下 眼震', 'text'),
(165, 1, 16, 4, '一共晕过几次:', '', 'text'),
(166, 6, 1, 7, '其他:', '', 'text'),
(167, 6, 11, 1, '甩头试验:', '（+ / -）向左 / 右 / 上 / 下 眼震', 'text'),
(168, 4, 7, 1, '备注:', '', 'text'),
(169, 3, 4, 1, '备注:', '', 'text');

-- --------------------------------------------------------

--
-- 表的结构 `patient_data`
--

CREATE TABLE `patient_data` (
  `id` int(11) NOT NULL,
  `name` varchar(30) NOT NULL,
  `age` int(11) NOT NULL,
  `number` varchar(30) NOT NULL,
  `num` varchar(30) NOT NULL,
  `today` date NOT NULL,
  `sex` varchar(20) NOT NULL,
  `bronday` varchar(30) NOT NULL
) ENGINE=InnoDB DEFAULT CHARSET=utf8;

--
-- 转存表中的数据 `patient_data`
--

INSERT INTO `patient_data` (`id`, `name`, `age`, `number`, `num`, `today`, `sex`, `bronday`) VALUES
(1, '赵朝伦', 69, '0', '34503', '2018-04-01', '男', '194913'),
(2, '梁华祥', 66, '0', '100261', '2018-04-01', '男', '1950-10-13'),
(3, '陈爱兰', 60, '18926995298', '101137148', '2018-04-01', '女', '195797'),
(4, '周再知', 50, '0', '246868', '2018-04-01', '女', '1968-2-26'),
(5, '郑映熏', 55, '0', '195934', '2018-04-02', '男', '1962-11-28'),
(6, '陈新春', 63, '0', '173328', '2018-04-03', '男', '1955-2-12'),
(7, '查雁群', 84, '0', '7', '2018-04-03', '男', '19331022'),
(8, '徐有利', 60, '0', '281438', '2018-04-07', '男', '1957-11-11'),
(9, '石民娟', 69, '0', '104181', '2018-04-09', '女', '1948-11-3'),
(10, '付小东', 41, '0', '282003', '2018-04-09', '男', '1976-8-21'),
(11, '莫青', 51, '0', '281540', '2018-04-09', '女', '1966-8-24'),
(12, '陈银中', 42, '0', '281916', '2018-04-09', '男', '1976-1-28'),
(13, '陈圆萍', 43, '0', '150419', '2018-04-09', '女', '1974-11-28'),
(14, '梁少培', 55, '0', '0101157489', '2018-04-10', '男', '1963-4-1'),
(15, '胡少媚', 60, '0', '0101161731', '2018-04-10', '女', '1957-11-26'),
(16, '刘春平', 54, '0', '282096', '2018-04-10', '男', '1964-1-7'),
(17, '曹跃辉', 42, '0', '0101162579', '2018-04-10', '男', '1975-1-14'),
(18, '零才', 45, '0', '281611', '2018-04-10', '男', '1972-8-28'),
(19, '陈万全', 47, '0', '281954', '2018-04-11', '男', '1970-8-10'),
(20, '黄初灵', 68, '0', '281819', '2018-04-11', '男', '1950-2-11'),
(21, '梁长带', 63, '0', '282028', '2018-04-11', '男', '1955-3-22'),
(22, '龙琼华', 80, '0', '233379', '2018-04-11', '女', '1937-9-29'),
(23, '肖华典', 50, '0', '281801', '2018-04-12', '男', '1968-3-13'),
(24, '李铁生', 59, '0', '0100885736', '2018-04-12', '女', '1958-9-8'),
(25, '李康明', 54, '0', '0101067502', '2018-04-12', '男', '1963-10-11'),
(26, '欧荣光', 72, '0', '282047', '2018-04-12', '男', '1945-7-23'),
(27, '陈锦坤', 58, '0', '282162', '2018-04-12', '男', '1960-3-1'),
(28, '李春芳', 53, '0', '282328', '2018-04-12', '女', '1965-2-16'),
(29, '张晋京', 61, '0', '004542', '2018-04-12', '女', '1956-9-16'),
(30, '刘军', 30, '0', '0100768051', '2018-04-12', '男', '1987-12-20'),
(31, '陈顺昌', 61, '0', '282476', '2018-04-15', '男', '1940-11-24'),
(32, '黎桃妹', 64, '0', '282556', '2018-04-15', '男', '1954-1-18'),
(33, '杨宗梅', 46, '0', '0000546881', '2018-04-15', '女', '1972-3-23'),
(34, '饶启思', 70, '0', '0100929527', '2018-04-15', '男', '1947-7-9'),
(35, '黄玉叶', 57, '0', '69658', '2018-04-15', '女', '1960-10-9'),
(36, '杜秀利', 75, '0', '118528', '2018-04-16', '女', '1942-5-4'),
(37, '曹娜', 53, '0', '0000263653', '2018-04-16', '女', '1964-8-20'),
(38, '凌亚姬', 47, '0', '173195', '2018-04-16', '女', '1971-4-9'),
(39, '屈思齐', 61, '0', '282430', '2018-04-16', '男', '1956-10-31'),
(40, '胡梅英', 63, '0', '38793', '2018-04-16', '女', '1954-4-18'),
(41, '罗用娇', 63, '0', '282936', '2018-04-18', '女', '1954-8-5'),
(42, '麦鉴全', 49, '0', '274291', '2018-04-18', '男', '1969-4-1'),
(43, '杨倍宁', 23, '0', '0101173050', '2018-04-18', '男', '1994-5-1'),
(44, '李惠英', 71, '0', '177009', '2018-04-23', '女', '1946-11-24'),
(45, '尤多田', 38, '0', '0101140719', '2018-04-23', '男', '1980-2-5'),
(46, '曾慧平', 48, '0', '204591', '2018-04-23', '男', '1969-6-21'),
(47, '刘金曼', 44, '0', '170442', '2018-04-24', '女', '1973-9-22'),
(48, '蔡兆麟', 20, '0', '0101042268', '2018-04-24', '男', '1997-10-30'),
(49, '张杰', 63, '0', '282944', '2018-04-24', '男', '1954-4-25'),
(50, '彭舒丽', 45, '0', '0000330724', '2018-04-24', '女', '1972-7-22'),
(51, '利丽仪', 73, '0', '210900', '2018-04-24', '男', '1944-11-24'),
(52, '李菊', 53, '0', '281353', '2018-04-25', '女', '1964-11-28'),
(54, '徐元荣', 66, '0', '0101124117', '2018-04-28', '女', '1952-1-10'),
(55, '吴荣', 66, '0', '241479', '2018-04-28', '男', '1957-8-7'),
(56, '徐亿广', 55, '0', '283941', '2018-04-28', '男', '1962-8-21'),
(57, '黄俏', 53, '0', '283891', '2018-04-28', '男', '1964-10-27'),
(58, '郑燕纯', 37, '0', '284079', '2018-04-28', '女', '1980-8-8'),
(59, '莫福炎', 75, '0', '283259', '2018-04-29', '男', '1942-9-26'),
(60, '陈月芳', 65, '0', '0101180750', '2018-04-29', '女', '1951-2-17'),
(61, '黄小红', 43, '0', '283952', '2018-04-29', '女', '1974-8-16'),
(62, '李基琼', 53, '0', '283691', '2018-04-29', '女', '1964-10-19'),
(63, '巩相林', 78, '0', '0101180233', '2018-04-30', '男', '1939-10-5'),
(64, '张海英', 53, '0', '0100719040', '2018-04-30', '女', '1964-7-28'),
(65, '吴佳芮', 18, '0', '0101185335', '2018-04-30', '女', '2000-3-27'),
(66, '邝金定', 55, '0', '105206', '2018-04-30', '女', '1962-9-2'),
(67, '李菊1', 53, '0', '281353', '2018-05-01', '女', '1964-11-28'),
(68, '谢冰', 64, '0', '181020', '2018-05-01', '女', '1953-4-30'),
(69, '罗和平', 66, '0', '0101143259', '2018-05-02', '男', '1951-12-14'),
(70, '陈凯琪', 25, '0', '208706', '2018-05-02', '男', '1993-2-25'),
(71, '吴爱梅', 45, '0', '0100616177', '2018-05-03', '女', '1972-5-5');

-- --------------------------------------------------------

--
-- 表的结构 `setting_data`
--

CREATE TABLE `setting_data` (
  `id` int(11) NOT NULL,
  `setting_page` varchar(50) NOT NULL,
  `setting_name` varchar(50) NOT NULL,
  `setting_detail` varchar(50) NOT NULL
) ENGINE=InnoDB DEFAULT CHARSET=utf8;

--
-- 转存表中的数据 `setting_data`
--

INSERT INTO `setting_data` (`id`, `setting_page`, `setting_name`, `setting_detail`) VALUES
(1, 'frame', 'body_background', '2.jpg'),
(2, 'setting', 'background_image', '1.jpg'),
(3, 'setting', 'background_image', '2.jpg'),
(7, 'setting', 'background_image', '3.jpg'),
(8, 'setting', 'background_image', '123.jpeg'),
(9, 'setting', 'background_image', 'sdaf.jpeg'),
(10, 'setting', 'background_image', '79.jpeg');

-- --------------------------------------------------------

--
-- 表的结构 `sick_data`
--

CREATE TABLE `sick_data` (
  `patient_id` int(11) NOT NULL,
  `kind_one` int(11) NOT NULL,
  `kind_two` int(11) NOT NULL,
  `kind_thr` int(11) NOT NULL,
  `invalue` varchar(50) NOT NULL
) ENGINE=InnoDB DEFAULT CHARSET=utf8;

--
-- 转存表中的数据 `sick_data`
--

INSERT INTO `sick_data` (`patient_id`, `kind_one`, `kind_two`, `kind_thr`, `invalue`) VALUES
(71, 1, 10, 2, '有耳鸣'),
(71, 1, 10, 5, 'R'),
(71, 5, 1, 2, 'VM'),
(71, 6, 1, 2, '无'),
(71, 6, 2, 2, '正常'),
(71, 6, 2, 5, '无 burn°s眼震'),
(71, 6, 3, 2, '正常'),
(71, 6, 3, 5, '99%'),
(71, 6, 4, 2, 'Ⅰ 型'),
(71, 6, 5, 2, '左右向视动反应（对称）'),
(71, 6, 6, 2, '27'),
(71, 6, 6, 3, '42'),
(71, 6, 6, 4, '9.7'),
(71, 6, 6, 5, '100'),
(71, 6, 6, 6, '47.9'),
(71, 6, 6, 7, '53'),
(71, 6, 6, 8, '13.3'),
(71, 6, 6, 9, '31'),
(71, 6, 7, 1, '53%(L)'),
(71, 6, 8, 1, '18%(R)'),
(71, 6, 9, 1, '74.91°/s(R)'),
(71, 6, 12, 4, '右侧前庭功能兴奋'),
(70, 6, 1, 2, '无'),
(70, 6, 2, 2, '正常'),
(70, 6, 2, 5, '无 burn°s眼震'),
(70, 6, 3, 2, '正常'),
(70, 6, 3, 5, '103%'),
(70, 6, 4, 3, 'Ⅱ 型'),
(70, 6, 5, 2, '左右向视动反应（对称）'),
(69, 6, 1, 4, '有（自发向左眼震）'),
(69, 6, 2, 2, '正常'),
(69, 6, 2, 5, '无 burn°s眼震'),
(69, 6, 3, 2, '正常'),
(69, 6, 3, 5, '79%'),
(69, 6, 4, 3, 'Ⅱ 型'),
(69, 6, 5, 2, '左右向视动反应（对称）'),
(69, 6, 6, 2, '22.3'),
(69, 6, 6, 3, '31'),
(69, 6, 6, 4, '17.1'),
(69, 6, 6, 5, '29'),
(69, 6, 6, 6, '29.4'),
(69, 6, 6, 7, '30'),
(69, 6, 6, 8, '21.8'),
(69, 6, 6, 9, '45'),
(69, 6, 7, 1, '14%(L)'),
(69, 6, 8, 1, '3%(R)'),
(69, 6, 9, 1, '51.63°/s(R)'),
(69, 6, 12, 2, '自发向左眼震'),
(69, 6, 12, 4, '右侧前庭功能稍微兴奋'),
(68, 6, 1, 3, '有（自发向右眼震）'),
(68, 6, 2, 2, '正常'),
(68, 6, 2, 5, '无 burn°s眼震'),
(68, 6, 3, 2, '正常'),
(68, 6, 3, 5, '95%'),
(68, 6, 4, 3, 'Ⅱ 型'),
(68, 6, 5, 2, '左右向视动反应（对称）'),
(68, 6, 6, 2, '22.2'),
(68, 6, 6, 3, '27'),
(68, 6, 6, 4, '10.1'),
(68, 6, 6, 5, '43'),
(68, 6, 6, 6, '10.5'),
(68, 6, 6, 7, '49'),
(68, 6, 6, 8, '13.5'),
(68, 6, 6, 9, '55'),
(68, 6, 7, 1, '16%(L)'),
(68, 6, 8, 1, '27%(L)'),
(68, 6, 9, 1, '32.72°/s(R)'),
(68, 6, 12, 2, '自发向右眼震'),
(68, 6, 12, 4, '双侧前庭功能大致正常'),
(67, 6, 1, 3, '有（自发向右眼震）'),
(67, 6, 2, 2, '正常'),
(67, 6, 2, 5, '无 burn°s眼震'),
(67, 6, 3, 5, '94%'),
(67, 6, 4, 2, 'Ⅰ 型'),
(67, 6, 5, 2, '左右向视动反应（对称）'),
(67, 6, 12, 2, '自发向右眼震'),
(65, 1, 1, 1, '外界物体旋转或自身旋转'),
(65, 1, 4, 2, '头晕'),
(65, 1, 4, 4, '头沉重感'),
(65, 1, 5, 1, '十几'),
(65, 1, 5, 3, '分钟'),
(65, 1, 7, 1, '头及身体转动时，眩晕加重'),
(65, 1, 10, 1, '有听力减退'),
(65, 1, 10, 3, '有耳胀满感'),
(65, 1, 10, 4, '有堵塞感'),
(65, 1, 10, 5, 'L>R'),
(65, 1, 11, 1, '眩晕发作时   听力减退、耳鸣、耳胀满感的程度有加重'),
(65, 3, 2, 1, '有视力模糊'),
(65, 4, 1, 1, '有面部、上肢或下肢麻木'),
(65, 6, 1, 2, '无'),
(65, 6, 2, 2, '正常'),
(65, 6, 2, 5, '无 burn°s眼震'),
(65, 6, 3, 2, '正常'),
(65, 6, 3, 5, '96%'),
(65, 6, 4, 3, 'Ⅱ 型'),
(65, 6, 5, 2, '左右向视动反应（对称）'),
(65, 6, 6, 2, '31.7'),
(65, 6, 6, 3, '27'),
(65, 6, 6, 4, '19.8'),
(65, 6, 6, 5, '40'),
(65, 6, 6, 6, '21.1'),
(65, 6, 6, 7, '31'),
(65, 6, 6, 8, '25.9'),
(65, 6, 6, 9, '68'),
(65, 6, 7, 1, '7%(L)'),
(65, 6, 8, 1, '17%(L)'),
(65, 6, 9, 1, '52.78°/s(R)'),
(65, 6, 12, 4, '右侧前庭功能稍微兴奋'),
(63, 6, 1, 4, '有（自发向左眼震）'),
(63, 6, 2, 2, '正常'),
(63, 6, 2, 5, '无 burn°s眼震'),
(63, 6, 3, 2, '正常'),
(63, 6, 3, 5, '105%'),
(63, 6, 4, 3, 'Ⅱ 型'),
(63, 6, 5, 2, '左右向视动反应（对称）'),
(63, 6, 6, 2, '21'),
(63, 6, 6, 3, '15'),
(63, 6, 6, 4, '15.8'),
(63, 6, 6, 5, '29'),
(63, 6, 6, 6, '17.6'),
(63, 6, 6, 7, '41'),
(63, 6, 6, 8, '10.1'),
(63, 6, 6, 9, '49'),
(63, 6, 7, 1, '20%(L)'),
(63, 6, 8, 1, '4%(R)'),
(63, 6, 9, 1, '38.59°/s(R)'),
(63, 6, 12, 2, '自发向左眼震'),
(63, 6, 12, 4, '双侧前庭功能大致正常'),
(66, 1, 1, 1, '外界物体旋转或自身旋转'),
(66, 1, 2, 2, '向右倾斜'),
(66, 1, 5, 1, '5'),
(66, 1, 5, 3, '分钟'),
(66, 1, 7, 3, '与某种体位及头位有关系'),
(66, 1, 8, 1, '静态'),
(66, 1, 10, 1, '有听力减退'),
(66, 1, 10, 4, '有堵塞感'),
(66, 1, 10, 5, 'R'),
(66, 3, 2, 1, '有视力模糊'),
(66, 5, 1, 1, 'BppV'),
(66, 6, 1, 4, '有（自发向左眼震）'),
(66, 6, 2, 2, '正常'),
(66, 6, 2, 5, '无 burn°s眼震'),
(66, 6, 3, 2, '正常'),
(66, 6, 3, 5, '96%'),
(66, 6, 4, 3, 'Ⅱ 型'),
(66, 6, 5, 2, '左右向视动反应（对称）'),
(66, 6, 6, 2, '39.5'),
(66, 6, 6, 3, '29'),
(66, 6, 6, 4, '18.6'),
(66, 6, 6, 5, '41'),
(66, 6, 6, 6, '26.4'),
(66, 6, 6, 7, '26'),
(66, 6, 6, 8, '21.1'),
(66, 6, 6, 9, '45'),
(66, 6, 7, 1, '25%(L)'),
(66, 6, 8, 1, '15%(L)'),
(66, 6, 9, 1, '65.93°/s(R)'),
(66, 6, 12, 2, '自发向左眼震'),
(66, 6, 12, 4, '右侧前庭功能兴奋'),
(64, 1, 1, 2, '漂浮感'),
(64, 1, 1, 3, '晃动感'),
(64, 1, 5, 1, '几'),
(64, 1, 5, 5, '天'),
(64, 1, 7, 3, '与某种体位及头位有关系'),
(64, 1, 8, 1, '躺着不动'),
(64, 1, 9, 3, '头痛'),
(64, 1, 9, 4, '太阳穴'),
(64, 6, 1, 2, '无'),
(64, 6, 2, 2, '正常'),
(64, 6, 2, 5, '无 burn°s眼震'),
(64, 6, 3, 2, '正常'),
(64, 6, 3, 5, '99%'),
(64, 6, 4, 3, 'Ⅱ 型'),
(64, 6, 5, 2, '左右向视动反应（对称）'),
(64, 6, 6, 2, '29'),
(64, 6, 6, 3, '31'),
(64, 6, 6, 4, '19.8'),
(64, 6, 6, 5, '17'),
(64, 6, 6, 6, '36.4'),
(64, 6, 6, 7, '33'),
(64, 6, 6, 8, '34.8'),
(64, 6, 6, 9, '39'),
(64, 6, 7, 1, '9%(L)'),
(64, 6, 8, 1, '6%(L)'),
(64, 6, 9, 1, '65.45°/s(R)'),
(64, 6, 12, 4, '双侧前庭功能兴奋'),
(61, 1, 10, 2, '有耳鸣'),
(61, 1, 10, 5, 'R'),
(61, 6, 1, 4, '有（自发向左眼震）'),
(61, 6, 2, 2, '正常'),
(61, 6, 2, 5, '无 burn°s眼震'),
(61, 6, 3, 2, '正常'),
(61, 6, 3, 5, '87%'),
(61, 6, 4, 3, 'Ⅱ 型'),
(61, 6, 5, 2, '左右向视动反应（对称）'),
(61, 6, 12, 2, '自发向左眼震'),
(59, 1, 1, 1, '外界物体旋转或自身旋转'),
(59, 1, 5, 1, '十'),
(59, 1, 5, 3, '分钟'),
(59, 1, 9, 3, '头痛'),
(59, 1, 9, 4, '双侧太阳穴'),
(59, 1, 10, 1, '有听力减退'),
(59, 1, 10, 2, '有耳鸣'),
(59, 1, 10, 3, '有耳胀满感'),
(59, 1, 10, 4, '有堵塞感'),
(59, 1, 10, 5, 'L（堵、闷）'),
(59, 3, 2, 1, '有视力模糊'),
(59, 4, 1, 1, '有面部、上肢或下肢麻木'),
(59, 4, 6, 1, '有口周麻木感或手震颤'),
(59, 6, 1, 2, '无'),
(59, 6, 2, 2, '正常'),
(59, 6, 2, 5, '无 burn°s眼震'),
(59, 6, 3, 3, '异常（欠冲）'),
(59, 6, 3, 5, '80%'),
(59, 6, 4, 3, 'Ⅱ 型'),
(59, 6, 5, 2, '左右向视动反应（对称）'),
(59, 6, 6, 2, '34'),
(59, 6, 6, 3, '99'),
(59, 6, 6, 4, '25.7'),
(59, 6, 6, 5, '100'),
(59, 6, 6, 6, '57.9'),
(59, 6, 6, 7, '100'),
(59, 6, 6, 8, '34.6'),
(59, 6, 6, 9, '100'),
(59, 6, 7, 1, '21%(L)'),
(59, 6, 8, 1, '10%(R)'),
(59, 6, 9, 1, '91.86°/s(R)'),
(59, 6, 12, 3, '视动中枢异常，建议结合病史必要时排除中枢病变'),
(59, 6, 12, 4, '双侧前庭功能兴奋'),
(60, 1, 1, 1, '外界物体旋转或自身旋转'),
(60, 1, 5, 1, '几'),
(60, 1, 5, 4, '小时'),
(60, 6, 1, 2, '无'),
(60, 6, 2, 2, '正常'),
(60, 6, 2, 5, '无 burn°s眼震'),
(60, 6, 3, 2, '正常'),
(60, 6, 3, 5, '92%'),
(60, 6, 4, 3, 'Ⅱ 型'),
(60, 6, 5, 2, '左右向视动反应（对称）'),
(60, 6, 6, 2, '28.7'),
(60, 6, 6, 3, '0'),
(60, 6, 6, 4, '26.9'),
(60, 6, 6, 5, '86'),
(60, 6, 6, 6, '57.9'),
(60, 6, 6, 7, '64'),
(60, 6, 6, 8, '55.1'),
(60, 6, 6, 9, '78'),
(60, 6, 7, 1, '3%(L)'),
(60, 6, 8, 1, '1%(R)'),
(60, 6, 9, 1, '86.62°/s(R)'),
(60, 6, 12, 4, '双侧前庭功能兴奋'),
(62, 1, 2, 1, '行走时失平衡'),
(62, 1, 4, 2, '头晕'),
(62, 1, 7, 1, '头及身体转动时，眩晕加重'),
(62, 1, 9, 3, '头痛'),
(62, 1, 9, 4, '头顶'),
(62, 1, 10, 2, '有耳鸣'),
(62, 1, 10, 5, 'L'),
(62, 3, 2, 1, '有视力模糊'),
(62, 4, 1, 1, '有面部、上肢或下肢麻木'),
(62, 4, 5, 1, '有吞咽困难'),
(62, 6, 1, 4, '有（自发向左眼震）'),
(62, 6, 2, 2, '正常'),
(62, 6, 2, 5, '无 burn°s眼震'),
(62, 6, 3, 2, '正常'),
(62, 6, 3, 5, '96%'),
(62, 6, 4, 3, 'Ⅱ 型'),
(62, 6, 5, 2, '左右向视动反应（对称）'),
(62, 6, 6, 2, '1.7'),
(62, 6, 6, 3, '/'),
(62, 6, 6, 4, '7.9'),
(62, 6, 6, 5, '0'),
(62, 6, 6, 6, '1.2'),
(62, 6, 6, 7, '100'),
(62, 6, 6, 8, '7.9'),
(62, 6, 6, 9, '35'),
(62, 6, 7, 1, '66%(R)'),
(62, 6, 8, 1, '2%(L)'),
(62, 6, 9, 1, '15.76°/s(L)'),
(62, 6, 12, 2, '自发向左眼震'),
(62, 6, 12, 4, '右侧前庭功能低下'),
(55, 6, 1, 3, '有（自发向右眼震）'),
(55, 6, 2, 2, '正常'),
(55, 6, 2, 5, '无 burn°s眼震'),
(55, 6, 3, 2, '正常'),
(55, 6, 3, 5, '96%'),
(55, 6, 4, 3, 'Ⅱ 型'),
(55, 6, 5, 2, '左右向视动反应（对称）'),
(55, 6, 6, 2, '37.3'),
(55, 6, 6, 3, '29'),
(55, 6, 6, 4, '40.5'),
(55, 6, 6, 5, '23'),
(55, 6, 6, 6, '37.8'),
(55, 6, 6, 7, '60'),
(55, 6, 6, 8, '34'),
(55, 6, 6, 9, '51'),
(55, 6, 7, 1, '0%(L)'),
(55, 6, 8, 1, '5%(R)'),
(55, 6, 9, 1, '75.06°/s(R)'),
(55, 6, 12, 2, '自发向右眼震'),
(55, 6, 12, 4, '双侧前庭功能兴奋'),
(57, 6, 1, 2, '无'),
(57, 6, 2, 2, '正常'),
(57, 6, 2, 5, '无 burn°s眼震'),
(57, 6, 3, 2, '正常'),
(57, 6, 3, 5, '95%'),
(57, 6, 4, 3, 'Ⅱ 型'),
(57, 6, 5, 2, '左右向视动反应（对称）'),
(58, 6, 1, 4, '有（自发向左眼震）'),
(58, 6, 2, 2, '正常'),
(58, 6, 2, 5, '无 burn°s眼震'),
(58, 6, 3, 2, '正常'),
(58, 6, 3, 5, '97%'),
(58, 6, 4, 3, 'Ⅱ 型'),
(58, 6, 5, 2, '左右向视动反应（对称）'),
(58, 6, 6, 2, '17.8'),
(58, 6, 6, 3, '/'),
(58, 6, 6, 4, '31.6'),
(58, 6, 6, 5, '41'),
(58, 6, 6, 6, '17.4'),
(58, 6, 6, 7, '33'),
(58, 6, 6, 8, '28.1'),
(58, 6, 6, 9, '62'),
(58, 6, 7, 1, '26%(R)'),
(58, 6, 8, 1, '3%(R)'),
(58, 6, 9, 1, '59.76°/s(L)'),
(58, 6, 12, 2, '自发向左眼震'),
(58, 6, 12, 4, '左侧前庭功能兴奋'),
(54, 1, 4, 2, '头晕'),
(54, 1, 5, 1, '两'),
(54, 1, 5, 5, '天'),
(54, 1, 7, 1, '头及身体转动时，眩晕加重'),
(54, 1, 8, 1, '躺下的过程晕'),
(54, 1, 10, 1, '有听力减退'),
(54, 1, 10, 2, '有耳鸣'),
(54, 1, 10, 5, 'L'),
(54, 3, 2, 1, '有视力模糊'),
(54, 5, 1, 3, 'MD'),
(54, 6, 1, 2, '无'),
(54, 6, 2, 2, '正常'),
(54, 6, 2, 5, '无 burn°s眼震'),
(54, 6, 3, 2, '正常'),
(54, 6, 3, 5, '98%'),
(54, 6, 4, 3, 'Ⅱ 型'),
(54, 6, 5, 2, '左右向视动反应（对称）'),
(54, 6, 6, 2, '23.5'),
(54, 6, 6, 3, '27'),
(54, 6, 6, 4, '15.5'),
(54, 6, 6, 5, '51'),
(54, 6, 6, 6, '18.8'),
(54, 6, 6, 7, '35'),
(54, 6, 6, 8, '5.6'),
(54, 6, 6, 9, '0'),
(54, 6, 7, 1, '33%(L)'),
(54, 6, 8, 1, '8%(R)'),
(54, 6, 9, 1, '42.29°/s(L/R)'),
(54, 6, 12, 4, '双侧前庭功能大致正常'),
(56, 1, 1, 1, '外界物体旋转或自身旋转'),
(56, 1, 5, 1, '20'),
(56, 1, 5, 3, '分钟'),
(56, 1, 7, 1, '头及身体转动时，眩晕加重'),
(56, 1, 10, 1, '有听力减退'),
(56, 1, 10, 2, '有耳鸣'),
(56, 1, 10, 5, 'R'),
(56, 1, 11, 1, '眩晕发作时   听力减退、耳鸣、耳胀满感的程度有加重'),
(56, 2, 6, 1, '有晕车、晕船史'),
(56, 3, 2, 1, '有视力模糊'),
(56, 5, 1, 3, 'MD'),
(56, 6, 1, 2, '无'),
(56, 6, 2, 2, '正常'),
(56, 6, 2, 5, '无 burn°s眼震'),
(56, 6, 3, 2, '正常'),
(56, 6, 3, 5, '93%'),
(56, 6, 4, 3, 'Ⅱ 型'),
(56, 6, 5, 2, '左右向视动反应（对称）'),
(56, 6, 6, 2, '6.8'),
(56, 6, 6, 3, '0'),
(56, 6, 6, 4, '21.8'),
(56, 6, 6, 5, '90'),
(56, 6, 6, 6, '23.8'),
(56, 6, 6, 7, '39'),
(56, 6, 6, 8, '38.9'),
(56, 6, 6, 9, '34'),
(56, 6, 7, 1, '33%(R)'),
(56, 6, 8, 1, '0%(L)'),
(56, 6, 9, 1, '60.73°/s(L)'),
(56, 6, 12, 4, '右侧前庭功能减弱'),
(52, 1, 1, 1, '外界物体旋转或自身旋转'),
(52, 1, 5, 1, '十几'),
(52, 1, 5, 2, '秒'),
(52, 1, 7, 1, '头及身体转动时，眩晕加重'),
(52, 1, 9, 1, '畏光'),
(52, 5, 1, 1, 'BppV'),
(52, 5, 1, 7, '2018.3.31出车祸'),
(52, 6, 1, 6, '有（自发向下眼震）'),
(52, 6, 2, 2, '正常'),
(52, 6, 2, 5, '无 burn°s眼震'),
(52, 6, 3, 2, '正常'),
(52, 6, 3, 5, '94%'),
(52, 6, 4, 3, 'Ⅱ 型'),
(52, 6, 5, 2, '左右向视动反应（对称）'),
(52, 6, 6, 2, '6.7'),
(52, 6, 6, 3, '23'),
(52, 6, 6, 4, '6.1'),
(52, 6, 6, 5, '0'),
(52, 6, 6, 6, '9.4'),
(52, 6, 6, 7, '78'),
(52, 6, 6, 8, '14'),
(52, 6, 6, 9, '11'),
(52, 6, 7, 1, '11%(R)'),
(52, 6, 8, 1, '14%(L)'),
(52, 6, 9, 1, '20.11°/s(L)'),
(52, 6, 12, 2, '自发向下眼震'),
(52, 6, 12, 4, '双侧前庭功能大致正常'),
(50, 6, 1, 2, '无'),
(50, 6, 2, 2, '正常'),
(50, 6, 2, 5, '无 burn°s眼震'),
(50, 6, 3, 2, '正常'),
(50, 6, 3, 5, '84%'),
(50, 6, 4, 3, 'Ⅱ 型'),
(50, 6, 5, 2, '左右向视动反应（对称）'),
(50, 6, 6, 2, '20.7'),
(50, 6, 6, 3, '17'),
(50, 6, 6, 4, '22.6'),
(50, 6, 6, 5, '34'),
(50, 6, 6, 6, '27.8'),
(50, 6, 6, 7, '29'),
(50, 6, 6, 8, '18.6'),
(50, 6, 6, 9, '35'),
(50, 6, 7, 1, '8%(L)'),
(50, 6, 8, 1, '12%(R)'),
(50, 6, 9, 1, '48.51°/s(R)'),
(50, 6, 12, 4, '双侧前庭功能大致正常'),
(51, 6, 1, 2, '无'),
(51, 6, 2, 2, '正常'),
(51, 6, 2, 5, '无 burn°s眼震'),
(51, 6, 3, 2, '正常'),
(51, 6, 3, 5, '92%'),
(51, 6, 4, 4, 'Ⅲ 型'),
(51, 6, 5, 2, '左右向视动反应（对称）'),
(51, 6, 12, 3, '视动中枢异常，建议结合病史必要时排除中枢病变'),
(49, 1, 1, 2, '漂浮感'),
(49, 1, 4, 2, '头晕'),
(49, 1, 5, 1, '两三'),
(49, 1, 5, 5, '天'),
(49, 1, 10, 1, '有听力减退'),
(49, 1, 10, 2, '有耳鸣'),
(49, 1, 11, 1, '眩晕发作时   听力减退、耳鸣、耳胀满感的程度有加重'),
(49, 3, 2, 1, '有视力模糊'),
(49, 4, 1, 1, '有面部、上肢或下肢麻木'),
(49, 6, 1, 2, '无'),
(49, 6, 2, 2, '正常'),
(49, 6, 2, 5, '无 burn°s眼震'),
(49, 6, 3, 2, '正常'),
(49, 6, 3, 5, '99%'),
(49, 6, 4, 3, 'Ⅱ 型'),
(49, 6, 5, 2, '左右向视动反应（对称）'),
(49, 6, 7, 1, '100%(L)'),
(49, 6, 8, 1, '100%(R)'),
(49, 6, 9, 1, '6.75°/s(R)'),
(49, 6, 12, 4, '双侧前庭功能低下'),
(48, 1, 1, 1, '外界物体旋转或自身旋转'),
(48, 1, 1, 2, '漂浮感'),
(48, 1, 1, 3, '晃动感'),
(48, 1, 2, 3, '向左倾斜'),
(48, 1, 4, 2, '头晕'),
(48, 1, 4, 4, '头沉重感'),
(48, 1, 5, 1, '一两'),
(48, 1, 5, 4, '小时'),
(48, 1, 7, 1, '头及身体转动时，眩晕加重'),
(48, 2, 7, 3, '有糖尿病史'),
(48, 3, 2, 1, '有视力模糊'),
(48, 5, 1, 1, 'BppV'),
(48, 5, 1, 2, 'VM'),
(48, 5, 1, 7, '前段时间感冒'),
(48, 6, 1, 2, '无'),
(48, 6, 2, 2, '正常'),
(48, 6, 2, 5, '无 burn°s眼震'),
(48, 6, 3, 5, '100%'),
(48, 6, 4, 3, 'Ⅱ 型'),
(48, 6, 5, 2, '左右向视动反应（对称）'),
(48, 6, 6, 2, '14.3'),
(48, 6, 6, 3, '22'),
(48, 6, 6, 4, '34.2'),
(48, 6, 6, 5, '12'),
(48, 6, 6, 6, '15.7'),
(48, 6, 6, 7, '16'),
(48, 6, 6, 8, '17.9'),
(48, 6, 6, 9, '18'),
(48, 6, 7, 1, '27%(R)'),
(48, 6, 8, 1, '22%(R)'),
(48, 6, 9, 1, '52.08°/s(L)'),
(48, 6, 12, 4, '左侧前庭功能兴奋'),
(46, 6, 1, 2, '无'),
(46, 6, 2, 2, '正常'),
(46, 6, 2, 5, '无 burn°s眼震'),
(46, 6, 3, 2, '正常'),
(46, 6, 3, 5, '86%'),
(46, 6, 4, 3, 'Ⅱ 型'),
(46, 6, 5, 2, '左右向视动反应（对称）'),
(46, 6, 6, 2, '12.7'),
(46, 6, 6, 3, '80'),
(46, 6, 6, 4, '13'),
(46, 6, 6, 5, '100'),
(46, 6, 6, 6, '0'),
(46, 6, 6, 7, '/'),
(46, 6, 6, 8, '7.3'),
(46, 6, 6, 9, '100'),
(46, 6, 7, 1, '23%(R)'),
(46, 6, 8, 1, '21%(L)'),
(46, 6, 9, 1, '20.22°/s(L)'),
(46, 6, 12, 4, '右侧前庭功能减弱'),
(44, 1, 1, 1, '外界物体旋转或自身旋转'),
(44, 1, 5, 1, '十几'),
(44, 1, 5, 3, '分钟'),
(44, 1, 10, 1, '有听力减退'),
(44, 1, 10, 5, 'L'),
(44, 1, 11, 1, '眩晕发作时   听力减退、耳鸣、耳胀满感的程度有加重'),
(44, 6, 1, 2, '无'),
(44, 6, 2, 2, '正常'),
(44, 6, 2, 5, '无 burn°s眼震'),
(44, 6, 3, 2, '正常'),
(44, 6, 3, 5, '92%'),
(44, 6, 4, 3, 'Ⅱ 型'),
(44, 6, 5, 2, '左右向视动反应（对称）'),
(44, 6, 6, 2, '14.7'),
(44, 6, 6, 3, '33'),
(44, 6, 6, 4, '8.5'),
(44, 6, 6, 5, '48'),
(44, 6, 6, 6, '7.1'),
(44, 6, 6, 7, '60'),
(44, 6, 6, 8, '14.9'),
(44, 6, 6, 9, '88'),
(44, 6, 7, 1, '4%(R)'),
(44, 6, 8, 1, '31%(L)'),
(44, 6, 9, 1, '23.4°/s(L)'),
(44, 6, 12, 4, '左侧前庭功能减弱'),
(45, 6, 1, 4, '有（自发向左眼震）'),
(45, 6, 2, 2, '正常'),
(45, 6, 2, 5, '无 burn°s眼震'),
(45, 6, 3, 5, '96%'),
(45, 6, 4, 3, 'Ⅱ 型'),
(45, 6, 5, 2, '左右向视动反应（对称）'),
(45, 6, 12, 2, '自发向左眼震'),
(42, 1, 10, 1, '有听力减退'),
(42, 1, 10, 2, '有耳鸣'),
(42, 1, 10, 5, 'L'),
(42, 6, 1, 4, '有（自发向左眼震）'),
(42, 6, 2, 2, '正常'),
(42, 6, 2, 5, '无 burn°s眼震'),
(42, 6, 3, 2, '正常'),
(42, 6, 3, 5, '96%'),
(42, 6, 4, 3, 'Ⅱ 型'),
(42, 6, 5, 2, '左右向视动反应（对称）'),
(42, 6, 6, 2, '18.9'),
(42, 6, 6, 3, '35'),
(42, 6, 6, 4, '9.4'),
(42, 6, 6, 5, '19'),
(42, 6, 6, 6, '70.9'),
(42, 6, 6, 7, '100'),
(42, 6, 6, 8, '22.5'),
(42, 6, 6, 9, '39'),
(42, 6, 7, 1, '48%(L)'),
(42, 6, 8, 1, '32%(R)'),
(42, 6, 9, 1, '89.8°/s(R)'),
(42, 6, 12, 2, '自发向左眼震'),
(42, 6, 12, 4, '左侧前庭功能减弱'),
(41, 6, 1, 2, '无'),
(41, 6, 2, 2, '正常'),
(41, 6, 2, 5, '无 burn°s眼震'),
(41, 6, 3, 2, '正常'),
(41, 6, 3, 5, '89%'),
(41, 6, 4, 3, 'Ⅱ 型'),
(41, 6, 5, 2, '左右向视动反应（对称）'),
(41, 6, 6, 2, '33.2'),
(41, 6, 6, 3, '24'),
(41, 6, 6, 4, '25.3'),
(41, 6, 6, 5, '39'),
(41, 6, 6, 6, '23.9'),
(41, 6, 6, 7, '31'),
(41, 6, 6, 8, '34.9'),
(41, 6, 6, 9, '32'),
(41, 6, 7, 1, '2%(L)'),
(41, 6, 8, 1, '11%(L)'),
(41, 6, 9, 1, '63.08°/s(R)'),
(41, 6, 12, 4, '双侧前庭功能兴奋'),
(43, 1, 1, 1, '外界物体旋转或自身旋转'),
(43, 1, 5, 1, '1'),
(43, 1, 5, 5, '天'),
(43, 1, 7, 1, '头及身体转动时，眩晕加重'),
(43, 1, 9, 3, '头痛'),
(43, 1, 10, 2, '有耳鸣'),
(43, 1, 10, 5, 'L'),
(43, 3, 2, 1, '有视力模糊'),
(43, 4, 1, 1, '有面部、上肢或下肢麻木'),
(43, 6, 1, 2, '无'),
(43, 6, 2, 2, '正常'),
(43, 6, 2, 5, '无 burn°s眼震'),
(43, 6, 3, 2, '正常'),
(43, 6, 3, 5, '93%'),
(43, 6, 4, 3, 'Ⅱ 型'),
(43, 6, 5, 2, '左右向视动反应（对称）'),
(43, 6, 6, 2, '21.4'),
(43, 6, 6, 3, '65'),
(43, 6, 6, 4, '25.7'),
(43, 6, 6, 5, '53'),
(43, 6, 6, 6, '35.6'),
(43, 6, 6, 7, '58'),
(43, 6, 6, 8, '15.3'),
(43, 6, 6, 9, '49'),
(43, 6, 7, 1, '16%(L)'),
(43, 6, 8, 1, '25%(R)'),
(43, 6, 9, 1, '56.95°/s(R)'),
(43, 6, 12, 4, '右侧前庭功能兴奋'),
(43, 8, 1, 1, '右腿下肢麻木'),
(36, 6, 1, 2, '无'),
(36, 6, 2, 2, '正常'),
(36, 6, 2, 5, '无 burn°s眼震'),
(36, 6, 3, 2, '正常'),
(36, 6, 3, 5, '103%'),
(36, 6, 4, 3, 'Ⅱ 型'),
(36, 6, 5, 2, '左右向视动反应（对称）'),
(40, 1, 9, 3, '头痛'),
(40, 1, 9, 4, '头顶'),
(40, 1, 10, 2, '有耳鸣'),
(40, 1, 11, 1, '眩晕发作时   听力减退、耳鸣、耳胀满感的程度有加重'),
(40, 5, 1, 5, '突聋'),
(40, 6, 1, 4, '有（自发向左眼震）'),
(40, 6, 2, 2, '正常'),
(40, 6, 2, 5, '无 burn°s眼震'),
(40, 6, 3, 2, '正常'),
(40, 6, 3, 5, '90%'),
(40, 6, 4, 3, 'Ⅱ 型'),
(40, 6, 5, 2, '左右向视动反应（对称）'),
(40, 6, 6, 2, '29'),
(40, 6, 6, 3, '51'),
(40, 6, 6, 4, '14.3'),
(40, 6, 6, 5, '71'),
(40, 6, 6, 6, '27'),
(40, 6, 6, 7, '83'),
(40, 6, 6, 8, '11.2'),
(40, 6, 6, 9, '85'),
(40, 6, 7, 1, '38%(L)'),
(40, 6, 8, 1, '1%(R)'),
(40, 6, 9, 1, '56.0.2°/s(R)'),
(40, 6, 12, 2, '自发向左眼震'),
(40, 6, 12, 4, '左侧前庭功能减弱'),
(39, 1, 1, 1, '外界物体旋转或自身旋转'),
(39, 1, 4, 4, '头沉重感'),
(39, 1, 5, 1, '几'),
(39, 1, 5, 2, '秒'),
(39, 1, 10, 2, '有耳鸣'),
(39, 1, 10, 4, '有堵塞感'),
(39, 1, 10, 5, 'R'),
(39, 2, 6, 1, '有晕车、晕船史'),
(39, 2, 7, 1, '有高血压'),
(39, 6, 1, 2, '无'),
(39, 6, 2, 2, '正常'),
(39, 6, 2, 5, '无 burn°s眼震'),
(39, 6, 3, 2, '正常'),
(39, 6, 3, 5, '100%'),
(39, 6, 4, 3, 'Ⅱ 型'),
(39, 6, 5, 2, '左右向视动反应（对称）'),
(39, 6, 6, 2, '24.4'),
(39, 6, 6, 3, '19'),
(39, 6, 6, 4, '25.2'),
(39, 6, 6, 5, '23'),
(39, 6, 6, 6, '25'),
(39, 6, 6, 7, '31'),
(39, 6, 6, 8, '23.2'),
(39, 6, 6, 9, '35'),
(39, 6, 7, 1, '1%(L)'),
(39, 6, 8, 1, '3%(R)'),
(39, 6, 9, 1, '49.34°/s(R)'),
(39, 6, 12, 4, '双侧前庭功能大致正常'),
(38, 1, 1, 1, '外界物体旋转或自身旋转'),
(38, 1, 5, 1, '几'),
(38, 1, 5, 4, '小时'),
(38, 1, 10, 1, '有听力减退'),
(38, 1, 10, 2, '有耳鸣'),
(38, 1, 10, 5, '双侧'),
(38, 3, 2, 1, '有视力模糊'),
(38, 6, 1, 2, '无'),
(38, 6, 2, 2, '正常'),
(38, 6, 2, 5, '无 burn°s眼震'),
(38, 6, 3, 2, '正常'),
(38, 6, 3, 5, '94%'),
(38, 6, 4, 3, 'Ⅱ 型'),
(38, 6, 5, 2, '左右向视动反应（对称）'),
(38, 6, 6, 2, '17.2'),
(38, 6, 6, 3, '59'),
(38, 6, 6, 4, '17.6'),
(38, 6, 6, 5, '30'),
(38, 6, 6, 6, '14.7'),
(38, 6, 6, 7, '28'),
(38, 6, 6, 8, '10.9'),
(38, 6, 6, 9, '21'),
(38, 6, 7, 1, '6%(L)'),
(38, 6, 8, 1, '7%(R)'),
(38, 6, 9, 1, '31.89°/s(R)'),
(38, 6, 12, 4, '双侧前庭功能大致正常'),
(37, 1, 1, 1, '外界物体旋转或自身旋转'),
(37, 1, 4, 2, '头晕'),
(37, 1, 4, 4, '头沉重感'),
(37, 1, 5, 1, '半个'),
(37, 1, 5, 4, '小时'),
(37, 1, 9, 3, '头痛'),
(37, 1, 9, 4, '额头'),
(37, 1, 10, 1, '有听力减退'),
(37, 1, 10, 2, '有耳鸣'),
(37, 1, 10, 4, '有堵塞感'),
(37, 1, 10, 5, 'L'),
(37, 1, 11, 1, '眩晕发作时   听力减退、耳鸣、耳胀满感的程度有加重'),
(37, 2, 7, 1, '有高血压'),
(37, 3, 2, 1, '有视力模糊'),
(37, 5, 1, 3, 'MD'),
(37, 6, 1, 2, '无'),
(37, 6, 2, 2, '正常'),
(37, 6, 2, 5, '无 burn°s眼震'),
(37, 6, 3, 2, '正常'),
(37, 6, 3, 5, '88%'),
(37, 6, 4, 3, 'Ⅱ 型'),
(37, 6, 5, 2, '左右向视动反应（对称）'),
(37, 6, 6, 2, '22.4'),
(37, 6, 6, 3, '28'),
(37, 6, 6, 4, '4.8'),
(37, 6, 6, 5, '0'),
(37, 6, 6, 6, '13.6'),
(37, 6, 6, 7, '34'),
(37, 6, 6, 8, '10.6'),
(37, 6, 6, 9, '25'),
(37, 6, 7, 1, '40%(L)'),
(37, 6, 8, 1, '28%(L)'),
(37, 6, 9, 1, '35.97°/s(R)'),
(37, 6, 12, 4, '左侧前庭功能减弱'),
(37, 8, 1, 1, '平衡试验是阴性。'),
(31, 1, 1, 1, '外界物体旋转或自身旋转'),
(31, 1, 5, 1, '十几'),
(31, 1, 5, 2, '秒'),
(31, 1, 8, 1, '躺下之后就晕'),
(31, 1, 9, 4, 'L>R太阳穴头痛'),
(31, 6, 1, 2, '无'),
(31, 6, 2, 2, '正常'),
(31, 6, 2, 5, '无 burn°s眼震'),
(31, 6, 3, 2, '正常'),
(31, 6, 3, 5, '101%'),
(31, 6, 4, 3, 'Ⅱ 型'),
(31, 6, 5, 2, '左右向视动反应（对称）'),
(31, 6, 6, 2, '31'),
(31, 6, 6, 3, '73'),
(31, 6, 6, 4, '28.9'),
(31, 6, 6, 5, '17'),
(31, 6, 6, 6, '44.9'),
(31, 6, 6, 7, '57'),
(31, 6, 6, 8, '43.9'),
(31, 6, 6, 9, '47'),
(31, 6, 7, 1, '2%(L)'),
(31, 6, 8, 1, '1%(L)'),
(31, 6, 9, 1, '75.9°/s(R)'),
(31, 6, 12, 4, '双侧前庭功能兴奋'),
(35, 6, 1, 2, '无'),
(35, 6, 2, 2, '正常'),
(35, 6, 2, 5, '无 burn°s眼震'),
(35, 6, 3, 2, '正常'),
(35, 6, 3, 5, '97%'),
(35, 6, 4, 3, 'Ⅱ 型'),
(35, 6, 5, 2, '左右向视动反应（对称）'),
(35, 6, 6, 2, '40.7'),
(35, 6, 6, 3, '46'),
(35, 6, 6, 4, '31.4'),
(35, 6, 6, 5, '43'),
(35, 6, 6, 6, '53.2'),
(35, 6, 6, 7, '35'),
(35, 6, 6, 8, '56.5'),
(35, 6, 6, 9, '100'),
(35, 6, 7, 1, '3%(L)'),
(35, 6, 8, 1, '7%(L)'),
(35, 6, 9, 1, '93.84°/s(R)'),
(35, 6, 12, 4, '双侧前庭功能兴奋'),
(34, 1, 1, 1, '外界物体旋转或自身旋转'),
(34, 1, 5, 1, '几'),
(34, 1, 5, 2, '秒'),
(34, 1, 10, 2, '有耳鸣'),
(34, 1, 10, 5, '双侧有耳胀满感'),
(34, 6, 1, 2, '无'),
(34, 6, 2, 2, '正常'),
(34, 6, 2, 5, '无 burn°s眼震'),
(34, 6, 3, 2, '正常'),
(34, 6, 3, 5, '85%'),
(34, 6, 4, 3, 'Ⅱ 型'),
(34, 6, 5, 2, '左右向视动反应（对称）'),
(34, 6, 6, 2, '19.8'),
(34, 6, 6, 3, '56'),
(34, 6, 6, 4, '16.8'),
(34, 6, 6, 5, '53'),
(34, 6, 6, 6, '24.7'),
(34, 6, 6, 7, '34'),
(34, 6, 6, 8, '22.1'),
(34, 6, 6, 9, '52'),
(34, 6, 7, 1, '7%(L)'),
(34, 6, 8, 1, '0%(L)'),
(34, 6, 9, 1, '44.5°/s(R)'),
(34, 6, 12, 4, '双侧前庭功能大致正常'),
(33, 1, 1, 1, '外界物体旋转或自身旋转'),
(33, 1, 9, 3, '头痛'),
(33, 1, 9, 4, '头顶'),
(33, 6, 1, 2, '无'),
(33, 6, 2, 2, '正常'),
(33, 6, 2, 5, '无 burn°s眼震'),
(33, 6, 3, 2, '正常'),
(33, 6, 3, 5, '96%'),
(33, 6, 4, 2, 'Ⅰ 型'),
(33, 6, 5, 2, '左右向视动反应（对称）'),
(33, 6, 6, 2, '15'),
(33, 6, 6, 3, '56'),
(33, 6, 6, 4, '11.3'),
(33, 6, 6, 5, '25'),
(33, 6, 6, 6, '5.8'),
(33, 6, 6, 7, '0'),
(33, 6, 6, 8, '13.2'),
(33, 6, 6, 9, '12'),
(33, 6, 7, 1, '8%(R)'),
(33, 6, 8, 1, '25%(L)'),
(33, 6, 9, 1, '24.42°/s(L)'),
(33, 6, 12, 4, '双侧前庭功能大致正常'),
(32, 1, 4, 4, '头沉重感'),
(32, 1, 5, 1, '7'),
(32, 1, 5, 5, '天'),
(32, 1, 7, 1, '头及身体转动时，眩晕加重'),
(32, 1, 8, 1, '起床之后晕'),
(32, 1, 10, 2, '有耳鸣'),
(32, 1, 10, 5, 'R'),
(32, 5, 1, 1, 'BppV'),
(32, 6, 1, 4, '有（自发向左眼震）'),
(32, 6, 2, 2, '正常'),
(32, 6, 2, 5, '无 burn°s眼震'),
(32, 6, 3, 2, '正常'),
(32, 6, 3, 5, '81%'),
(32, 6, 4, 3, 'Ⅱ 型'),
(32, 6, 5, 2, '左右向视动反应（对称）'),
(32, 6, 6, 2, '21.6'),
(32, 6, 6, 3, '31'),
(32, 6, 6, 4, '16.1'),
(32, 6, 6, 5, '27'),
(32, 6, 6, 6, '7'),
(32, 6, 6, 7, '0'),
(32, 6, 6, 8, '38.9'),
(32, 6, 6, 9, '54'),
(32, 6, 7, 1, '32%(R)'),
(32, 6, 8, 1, '45%(L)'),
(32, 6, 9, 1, '54.97°/s(L)'),
(32, 6, 12, 2, '自发向左眼震'),
(32, 6, 12, 4, '右侧前庭功能减弱'),
(29, 1, 1, 1, '外界物体旋转或自身旋转'),
(29, 1, 1, 2, '漂浮感'),
(29, 1, 5, 1, '几十'),
(29, 1, 5, 2, '秒'),
(29, 1, 7, 1, '头及身体转动时，眩晕加重'),
(29, 6, 1, 2, '无'),
(29, 6, 2, 2, '正常'),
(29, 6, 2, 5, '无 burn°s眼震'),
(29, 6, 3, 2, '正常'),
(29, 6, 3, 5, '98%'),
(29, 6, 4, 3, 'Ⅱ 型'),
(29, 6, 5, 2, '左右向视动反应（对称）'),
(29, 6, 6, 2, '30.9'),
(29, 6, 6, 3, '70'),
(29, 6, 6, 4, '26'),
(29, 6, 6, 5, '68'),
(29, 6, 6, 6, '44.8'),
(29, 6, 6, 7, '58'),
(29, 6, 6, 8, '51.6'),
(29, 6, 6, 9, '67'),
(29, 6, 7, 1, '1%(R)'),
(29, 6, 8, 1, '8%(L)'),
(29, 6, 9, 1, '77.62°/s(L)'),
(29, 6, 12, 4, '双侧前庭功能兴奋'),
(23, 1, 1, 1, '外界物体旋转或自身旋转'),
(23, 1, 5, 1, '5.6'),
(23, 1, 5, 2, '秒'),
(23, 1, 7, 1, '头及身体转动时，眩晕加重'),
(23, 1, 10, 2, '有耳鸣'),
(23, 1, 10, 5, '双侧'),
(23, 5, 1, 1, 'BppV'),
(23, 6, 1, 2, '无'),
(23, 6, 2, 2, '正常'),
(23, 6, 2, 5, '无 burn°s眼震'),
(23, 6, 3, 2, '正常'),
(23, 6, 3, 5, '94%'),
(23, 6, 4, 3, 'Ⅱ 型'),
(23, 6, 5, 2, '左右向视动反应（对称）'),
(23, 6, 6, 2, '16.4'),
(23, 6, 6, 3, '56'),
(23, 6, 6, 4, '21.6'),
(23, 6, 6, 5, '27'),
(23, 6, 6, 6, '19.3'),
(23, 6, 6, 7, '40'),
(23, 6, 6, 8, '19'),
(23, 6, 6, 9, '54'),
(23, 6, 7, 1, '6%(R)'),
(23, 6, 8, 1, '7%(R)'),
(23, 6, 9, 1, '40.56°/s(L)'),
(23, 6, 12, 4, '双侧前庭功能大致正常'),
(25, 1, 1, 1, '外界物体旋转或自身旋转'),
(25, 1, 2, 1, '行走时失平衡'),
(25, 1, 2, 3, '向左倾斜'),
(25, 1, 5, 1, '一'),
(25, 1, 5, 4, '小时'),
(25, 1, 7, 1, '头及身体转动时，眩晕加重'),
(25, 1, 9, 3, '头痛'),
(25, 1, 9, 4, '太阳穴'),
(25, 1, 10, 1, '有听力减退'),
(25, 1, 10, 2, '有耳鸣'),
(25, 1, 10, 4, '有堵塞感'),
(25, 1, 10, 5, 'L'),
(25, 6, 1, 6, '有（自发向下眼震）'),
(25, 6, 2, 2, '正常'),
(25, 6, 2, 5, '无 burn°s眼震'),
(25, 6, 3, 2, '正常'),
(25, 6, 3, 5, '96%'),
(25, 6, 4, 4, 'Ⅲ 型'),
(25, 6, 5, 2, '左右向视动反应（对称）'),
(25, 6, 6, 2, '16'),
(25, 6, 6, 3, '16'),
(25, 6, 6, 4, '19.2'),
(25, 6, 6, 5, '39'),
(25, 6, 6, 6, '21.9'),
(25, 6, 6, 7, '37'),
(25, 6, 6, 8, '22.2'),
(25, 6, 6, 9, '51'),
(25, 6, 7, 1, '4%(R)'),
(25, 6, 8, 1, '4%(R)'),
(25, 6, 9, 1, '41.33°/s(L)'),
(25, 6, 12, 2, '自发向下眼震'),
(25, 6, 12, 3, '视动中枢异常，建议结合病史必要时排除中枢病变'),
(25, 6, 12, 4, '双侧前庭功能大致正常'),
(26, 6, 1, 4, '有（自发向左眼震）'),
(26, 6, 2, 2, '正常'),
(26, 6, 2, 5, '无 burn°s眼震'),
(26, 6, 3, 2, '正常'),
(26, 6, 3, 5, '92%'),
(26, 6, 4, 4, 'Ⅲ 型'),
(26, 6, 5, 2, '左右向视动反应（对称）'),
(26, 6, 12, 2, '自发向左眼震'),
(26, 6, 12, 3, '视动中枢异常，建议结合病史必要时排除中枢病变'),
(27, 6, 1, 2, '无'),
(27, 6, 2, 2, '正常'),
(27, 6, 2, 5, '无 burn°s眼震'),
(27, 6, 3, 2, '正常'),
(27, 6, 3, 5, '99%'),
(27, 6, 4, 4, 'Ⅲ 型'),
(27, 6, 5, 2, '左右向视动反应（对称）'),
(27, 6, 12, 3, '视动中枢异常，建议结合病史必要时排除中枢病变'),
(28, 1, 1, 1, '外界物体旋转或自身旋转'),
(28, 1, 5, 1, '几'),
(28, 1, 5, 5, '天'),
(28, 1, 7, 1, '头及身体转动时，眩晕加重'),
(28, 1, 9, 4, '整个头头痛'),
(28, 1, 10, 2, '有耳鸣'),
(28, 1, 10, 3, '有耳胀满感'),
(28, 1, 10, 4, '有堵塞感'),
(28, 1, 10, 5, 'R'),
(28, 1, 11, 1, '眩晕发作时   听力减退、耳鸣、耳胀满感的程度有加重'),
(28, 6, 1, 2, '无'),
(28, 6, 2, 2, '正常'),
(28, 6, 2, 5, '无 burn°s眼震'),
(28, 6, 3, 2, '正常'),
(28, 6, 3, 5, '89%'),
(28, 6, 4, 3, 'Ⅱ 型'),
(28, 6, 5, 2, '左右向视动反应（对称）'),
(28, 6, 6, 2, '15.7'),
(28, 6, 6, 3, '45'),
(28, 6, 6, 4, '17.3'),
(28, 6, 6, 5, '66'),
(28, 6, 6, 6, '17.4'),
(28, 6, 6, 7, '100'),
(28, 6, 6, 8, '20.6'),
(28, 6, 6, 9, '49'),
(28, 6, 7, 1, '7%(R)'),
(28, 6, 8, 1, '2%(L)'),
(28, 6, 9, 1, '37.92°/s(L)'),
(28, 6, 12, 4, '双侧前庭功能大致正常'),
(24, 1, 2, 3, '向左倾斜'),
(24, 1, 4, 2, '头晕'),
(24, 1, 4, 4, '头沉重感'),
(24, 1, 5, 1, '两三'),
(24, 1, 5, 4, '小时'),
(24, 1, 7, 1, '头及身体转动时，眩晕加重'),
(24, 1, 9, 4, '后脑勺头痛'),
(24, 1, 10, 1, '有听力减退'),
(24, 1, 10, 2, '有耳鸣'),
(24, 1, 10, 4, '有堵塞感'),
(24, 1, 10, 5, 'L'),
(24, 1, 11, 1, '眩晕发作时   听力减退、耳鸣、耳胀满感的程度有加重'),
(24, 2, 7, 1, '有高血压'),
(24, 2, 7, 2, '有高血脂'),
(24, 6, 1, 2, '无'),
(24, 6, 2, 2, '正常'),
(24, 6, 2, 5, '无 burn°s眼震'),
(24, 6, 3, 2, '正常'),
(24, 6, 3, 5, '95%'),
(24, 6, 4, 3, 'Ⅱ 型'),
(24, 6, 5, 2, '左右向视动反应（对称）'),
(24, 6, 6, 2, '19.7'),
(24, 6, 6, 3, '25'),
(24, 6, 6, 4, '32.5'),
(24, 6, 6, 5, '36'),
(24, 6, 6, 6, '34.1'),
(24, 6, 6, 7, '42'),
(24, 6, 6, 8, '42.9'),
(24, 6, 6, 9, '54'),
(24, 6, 7, 1, '17%(R)'),
(24, 6, 8, 1, '3%(R)'),
(24, 6, 9, 1, '75.31°/s(L)'),
(24, 6, 12, 4, '双侧前庭功能兴奋'),
(30, 1, 1, 1, '外界物体旋转或自身旋转'),
(30, 1, 4, 4, '头沉重感'),
(30, 1, 5, 1, '两'),
(30, 1, 5, 4, '小时'),
(30, 1, 9, 3, '头痛'),
(30, 1, 9, 4, '额头，晕+头痛'),
(30, 1, 10, 1, '有听力减退'),
(30, 2, 2, 9, '饥饿时'),
(30, 2, 6, 1, '有晕车、晕船史'),
(30, 6, 1, 2, '无'),
(30, 6, 2, 2, '正常'),
(30, 6, 2, 5, '无 burn°s眼震'),
(30, 6, 3, 2, '正常'),
(30, 6, 3, 5, '104%'),
(30, 6, 4, 3, 'Ⅱ 型'),
(30, 6, 5, 2, '左右向视动反应（对称）'),
(30, 6, 6, 2, '24.9'),
(30, 6, 6, 3, '56'),
(30, 6, 6, 4, '31.7'),
(30, 6, 6, 5, '56'),
(30, 6, 6, 6, '44.6'),
(30, 6, 6, 7, '46'),
(30, 6, 6, 8, '34.5'),
(30, 6, 6, 9, '75'),
(30, 6, 7, 1, '2%(L)'),
(30, 6, 8, 1, '12%(R)'),
(30, 6, 9, 1, '69.42°/s(R)'),
(30, 6, 12, 4, '双侧前庭功能兴奋'),
(19, 1, 4, 7, '像要昏过去或眼前发黑'),
(19, 1, 4, 8, '意识丧失'),
(19, 1, 5, 1, '一两'),
(19, 1, 5, 3, '分钟'),
(19, 1, 10, 5, '双侧有听力减退'),
(19, 4, 1, 1, '有面部、上肢或下肢麻木'),
(19, 6, 1, 3, '有（自发向右眼震）'),
(19, 6, 2, 2, '正常'),
(19, 6, 2, 5, '无 burn°s眼震'),
(19, 6, 3, 2, '正常'),
(19, 6, 3, 5, '98%'),
(19, 6, 4, 3, 'Ⅱ 型'),
(19, 6, 5, 2, '左右向视动反应（对称）'),
(19, 6, 6, 2, '57.2'),
(19, 6, 6, 3, '31'),
(19, 6, 6, 4, '48.9'),
(19, 6, 6, 5, '33'),
(19, 6, 6, 6, '35.1'),
(19, 6, 6, 7, '55'),
(19, 6, 6, 8, '46.2'),
(19, 6, 6, 9, '46'),
(19, 6, 7, 1, '2%(R)'),
(19, 6, 8, 1, '10%(L)'),
(19, 6, 9, 1, '95.14°/s(L)'),
(19, 6, 12, 4, '双侧前庭功能兴奋'),
(19, 8, 1, 1, '左手，左脚趾麻木'),
(22, 1, 1, 1, '外界物体旋转或自身旋转'),
(22, 1, 5, 1, '几'),
(22, 1, 5, 3, '分钟'),
(22, 1, 7, 1, '头及身体转动时，眩晕加重'),
(22, 1, 9, 4, '后脑勺头痛'),
(22, 2, 6, 1, '有晕车、晕船史'),
(22, 2, 7, 1, '有高血压'),
(22, 2, 7, 2, '有高血脂'),
(22, 6, 1, 4, '有（自发向左眼震）'),
(22, 6, 2, 2, '正常'),
(22, 6, 2, 5, '无 burn°s眼震'),
(22, 6, 3, 2, '正常'),
(22, 6, 3, 5, '87%'),
(22, 6, 4, 3, 'Ⅱ 型'),
(22, 6, 5, 2, '左右向视动反应（对称）'),
(22, 6, 6, 2, '22.7'),
(22, 6, 6, 3, '49'),
(22, 6, 6, 4, '12.2'),
(22, 6, 6, 5, '42'),
(22, 6, 6, 6, '38.3'),
(22, 6, 6, 7, '44'),
(22, 6, 6, 8, '18.5'),
(22, 6, 6, 9, '37'),
(22, 6, 7, 1, '33%(L)'),
(22, 6, 8, 1, '10%(R)'),
(22, 6, 9, 1, '61.07°/s(R)'),
(22, 6, 12, 2, '自发向左眼震'),
(22, 6, 12, 4, '左侧前庭功能减弱'),
(21, 1, 1, 1, '外界物体旋转或自身旋转'),
(21, 1, 5, 1, '十几'),
(21, 1, 5, 4, '小时'),
(21, 1, 9, 4, '左侧头痛，晕的时候更痛头痛'),
(21, 1, 10, 2, '有耳鸣'),
(21, 1, 10, 5, 'L>R'),
(21, 1, 11, 1, '眩晕发作时   听力减退、耳鸣、耳胀满感的程度有加重'),
(21, 2, 7, 1, '有高血压'),
(21, 5, 1, 2, 'VM'),
(21, 5, 1, 4, 'VN'),
(21, 6, 1, 2, '无'),
(21, 6, 2, 2, '正常'),
(21, 6, 2, 5, '无 burn°s眼震'),
(21, 6, 3, 2, '正常'),
(21, 6, 3, 5, '89%'),
(21, 6, 4, 3, 'Ⅱ 型'),
(21, 6, 5, 2, '左右向视动反应（对称）'),
(21, 6, 6, 2, '7.7'),
(21, 6, 6, 3, '27'),
(21, 6, 6, 4, '24.6'),
(21, 6, 6, 5, '32'),
(21, 6, 6, 6, '9.2'),
(21, 6, 6, 7, '24'),
(21, 6, 6, 8, '15.4'),
(21, 6, 6, 9, '31'),
(21, 6, 7, 1, '40%(R)'),
(21, 6, 8, 1, '19%(R)'),
(21, 6, 9, 1, '40.05°/s(L)'),
(21, 6, 12, 4, '左侧前庭功能兴奋'),
(20, 1, 4, 2, '头晕'),
(20, 1, 4, 4, '头沉重感'),
(20, 1, 4, 7, '像要昏过去或眼前发黑'),
(20, 1, 5, 1, '几'),
(20, 1, 5, 3, '分钟'),
(20, 6, 1, 4, '有（自发向左眼震）'),
(20, 6, 2, 2, '正常'),
(20, 6, 2, 5, '无 burn°s眼震'),
(20, 6, 3, 2, '正常'),
(20, 6, 3, 5, '102%'),
(20, 6, 4, 3, 'Ⅱ 型'),
(20, 6, 5, 2, '左右向视动反应（对称）'),
(20, 6, 6, 2, '14.4'),
(20, 6, 6, 3, '29'),
(20, 6, 6, 4, '29.6'),
(20, 6, 6, 5, '47'),
(20, 6, 6, 6, '11.1'),
(20, 6, 6, 7, '30'),
(20, 6, 6, 8, '59.1'),
(20, 6, 6, 9, '62'),
(20, 6, 7, 1, '55%(R)'),
(20, 6, 8, 1, '29%(L)'),
(20, 6, 9, 1, '88.67°/s(L)'),
(20, 6, 12, 2, '自发向左眼震'),
(20, 6, 12, 4, '左侧前庭功能兴奋'),
(15, 1, 1, 3, '晃动感'),
(15, 1, 5, 1, '两三'),
(15, 1, 5, 3, '分钟'),
(15, 1, 7, 1, '头及身体转动时，眩晕加重'),
(15, 1, 9, 3, '头痛'),
(15, 1, 9, 4, '额头'),
(15, 1, 10, 2, '有耳鸣'),
(15, 1, 10, 5, 'L'),
(15, 5, 1, 1, 'BppV'),
(15, 5, 1, 3, 'MD'),
(15, 6, 1, 2, '无'),
(15, 6, 2, 2, '正常'),
(15, 6, 2, 5, '无 burn°s眼震'),
(15, 6, 3, 2, '正常'),
(15, 6, 3, 5, '93%'),
(15, 6, 4, 3, 'Ⅱ 型'),
(15, 6, 5, 2, '左右向视动反应（对称）'),
(15, 6, 6, 2, '24.9'),
(15, 6, 6, 3, '100'),
(15, 6, 6, 4, '44.2'),
(15, 6, 6, 5, '82'),
(15, 6, 6, 6, '34.8'),
(15, 6, 6, 7, '48'),
(15, 6, 6, 8, '77.3'),
(15, 6, 6, 9, '75'),
(15, 6, 7, 1, '34%(R)'),
(15, 6, 8, 1, '13%(L)'),
(15, 6, 9, 1, '121.50°/s(L)'),
(15, 6, 12, 4, '左侧前庭功能兴奋'),
(18, 1, 5, 1, '几'),
(18, 1, 5, 5, '天'),
(18, 1, 9, 3, '头痛'),
(18, 6, 1, 3, '有（自发向右眼震）'),
(18, 6, 2, 2, '正常'),
(18, 6, 2, 5, '无 burn°s眼震'),
(18, 6, 3, 2, '正常'),
(18, 6, 3, 5, '94%'),
(18, 6, 4, 3, 'Ⅱ 型'),
(18, 6, 5, 2, '左右向视动反应（对称）'),
(18, 6, 6, 2, '47.9'),
(18, 6, 6, 3, '75'),
(18, 6, 6, 4, '37.5'),
(18, 6, 6, 5, '51'),
(18, 6, 6, 6, '39.7'),
(18, 6, 6, 7, '31'),
(18, 6, 6, 8, '80.4'),
(18, 6, 6, 9, '63'),
(18, 6, 7, 1, '15%(R)'),
(18, 6, 8, 1, '25%(L)'),
(18, 6, 9, 1, '117.96°/s(L)'),
(18, 6, 12, 2, '自发向右眼震'),
(18, 6, 12, 4, '双侧前庭功能兴奋'),
(16, 6, 1, 2, '无'),
(16, 6, 2, 2, '正常'),
(16, 6, 2, 5, '无 burn°s眼震'),
(16, 6, 3, 2, '正常'),
(16, 6, 3, 5, '96%'),
(16, 6, 4, 3, 'Ⅱ 型'),
(16, 6, 5, 2, '左右向视动反应（对称）'),
(16, 6, 6, 2, '17.1'),
(16, 6, 6, 3, '0'),
(16, 6, 6, 4, '23.9'),
(16, 6, 6, 5, '18'),
(16, 6, 6, 6, '25.2'),
(16, 6, 6, 7, '14'),
(16, 6, 6, 8, '27.5'),
(16, 6, 6, 9, '39'),
(16, 6, 7, 1, '10%(R)'),
(16, 6, 8, 1, '5%(R)'),
(16, 6, 9, 1, '51.44°/s(L)'),
(16, 6, 12, 4, '双侧前庭功能大致正常'),
(16, 8, 1, 1, '复查，半年前晕过'),
(17, 1, 2, 2, '向右倾斜'),
(17, 1, 4, 2, '头晕'),
(17, 1, 4, 4, '头沉重感'),
(17, 1, 5, 1, '几'),
(17, 1, 5, 3, '分钟'),
(17, 1, 10, 2, '有耳鸣'),
(17, 1, 10, 5, 'R>L'),
(17, 2, 7, 1, '有高血压'),
(17, 6, 1, 2, '无'),
(17, 6, 2, 2, '正常'),
(17, 6, 2, 5, '无 burn°s眼震'),
(17, 6, 3, 2, '正常'),
(17, 6, 3, 5, '91%'),
(17, 6, 4, 3, 'Ⅱ 型'),
(17, 6, 5, 2, '左右向视动反应（对称）'),
(17, 6, 6, 2, '42.1'),
(17, 6, 6, 3, '19'),
(17, 6, 6, 4, '38.2'),
(17, 6, 6, 5, '17'),
(17, 6, 6, 6, '57.4'),
(17, 6, 6, 7, '17'),
(17, 6, 6, 8, '45.3'),
(17, 6, 6, 9, '24'),
(17, 6, 7, 1, '9%(L)'),
(17, 6, 8, 1, '7%(R)'),
(17, 6, 9, 1, '99.45°/s(R)'),
(17, 6, 12, 4, '双侧前庭功能兴奋'),
(14, 1, 1, 1, '外界物体旋转或自身旋转'),
(14, 1, 5, 1, '两三'),
(14, 1, 5, 3, '分钟'),
(14, 1, 7, 1, '头及身体转动时，眩晕加重'),
(14, 2, 6, 1, '有晕车、晕船史'),
(14, 5, 1, 1, 'BppV'),
(14, 6, 1, 2, '无'),
(14, 6, 2, 2, '正常'),
(14, 6, 2, 5, '无 burn°s眼震'),
(14, 6, 3, 2, '正常'),
(14, 6, 3, 5, '88%'),
(14, 6, 4, 3, 'Ⅱ 型'),
(14, 6, 5, 2, '左右向视动反应（对称）'),
(14, 6, 6, 2, '9.8'),
(14, 6, 6, 3, '28'),
(14, 6, 6, 4, '13.9'),
(14, 6, 6, 5, '20'),
(14, 6, 6, 6, '13.5'),
(14, 6, 6, 7, '19'),
(14, 6, 6, 8, '18.4'),
(14, 6, 6, 9, '44'),
(14, 6, 7, 1, '16%(R)'),
(14, 6, 8, 1, '2%(L)'),
(14, 6, 9, 1, '32.26°/s(L)'),
(14, 6, 12, 4, '双侧前庭功能大致正常'),
(14, 7, 1, 1, 'BppV'),
(13, 6, 1, 2, '无'),
(13, 6, 2, 2, '正常'),
(13, 6, 2, 5, '无 burn°s眼震'),
(13, 6, 3, 2, '正常'),
(13, 6, 3, 5, '103%'),
(13, 6, 4, 3, 'Ⅱ 型'),
(13, 6, 5, 2, '左右向视动反应（对称）'),
(12, 1, 1, 1, '外界物体旋转或自身旋转'),
(12, 1, 7, 1, '头及身体转动时，眩晕加重'),
(12, 1, 7, 3, '与某种体位及头位有关系'),
(12, 1, 8, 1, '起床和躺下更晕'),
(12, 1, 9, 3, '头痛'),
(12, 1, 9, 4, '头顶'),
(12, 1, 10, 2, '有耳鸣'),
(12, 1, 10, 5, 'R>L'),
(12, 1, 11, 1, '眩晕发作时   听力减退、耳鸣、耳胀满感的程度有加重'),
(12, 5, 1, 2, 'VM'),
(12, 6, 1, 3, '有（自发向右眼震）'),
(12, 6, 2, 2, '正常'),
(12, 6, 2, 5, '无 burn°s眼震'),
(12, 6, 3, 2, '正常'),
(12, 6, 3, 5, '93%'),
(12, 6, 4, 3, 'Ⅱ 型'),
(12, 6, 5, 2, '左右向视动反应（对称）'),
(12, 6, 6, 2, '14.5'),
(12, 6, 6, 3, '34'),
(12, 6, 6, 4, '9.9'),
(12, 6, 6, 5, '48'),
(12, 6, 6, 6, '30.5'),
(12, 6, 6, 7, '65'),
(12, 6, 6, 8, '13'),
(12, 6, 6, 9, '65'),
(12, 6, 7, 1, '32%(L)'),
(12, 6, 8, 1, '19%(R)'),
(12, 6, 9, 1, '44.84°/s(R)'),
(12, 6, 12, 2, '自发向右眼震'),
(12, 6, 12, 4, '左侧前庭功能减弱'),
(11, 1, 4, 4, '头沉重感'),
(11, 1, 5, 1, '几'),
(11, 1, 5, 3, '分钟'),
(11, 6, 1, 2, '无'),
(11, 6, 2, 2, '正常'),
(11, 6, 2, 5, '无 burn°s眼震'),
(11, 6, 3, 2, '正常'),
(11, 6, 3, 5, '100%'),
(11, 6, 4, 3, 'Ⅱ 型'),
(11, 6, 5, 2, '左右向视动反应（对称）'),
(11, 6, 6, 2, '49.9'),
(11, 6, 6, 3, '22'),
(11, 6, 6, 4, '50.3'),
(11, 6, 6, 5, '32'),
(11, 6, 6, 6, '57.5'),
(11, 6, 6, 7, '21'),
(11, 6, 6, 8, '63.9'),
(11, 6, 6, 9, '26'),
(11, 6, 7, 1, '3%(R)'),
(11, 6, 8, 1, '3%(L)'),
(11, 6, 9, 1, '144.18°/s(L)'),
(11, 6, 12, 4, '双侧前庭功能兴奋'),
(10, 1, 1, 2, '漂浮感'),
(10, 1, 4, 4, '头沉重感'),
(10, 1, 5, 1, '几'),
(10, 1, 5, 5, '天'),
(10, 1, 7, 1, '头及身体转动时，眩晕加重'),
(10, 1, 8, 1, '趟床上，并不与人交流'),
(10, 1, 9, 2, '畏声'),
(10, 1, 9, 3, '头痛'),
(10, 1, 9, 4, '左后脑'),
(10, 1, 10, 1, '有听力减退'),
(10, 1, 10, 2, '有耳鸣'),
(10, 1, 10, 5, 'L侧听力下降，闷胀，双耳鸣L》R'),
(10, 2, 2, 2, '情绪激动'),
(10, 5, 1, 2, 'VM'),
(10, 5, 1, 3, 'MD'),
(10, 6, 1, 2, '无'),
(10, 6, 2, 2, '正常'),
(10, 6, 2, 5, '无 burn°s眼震'),
(10, 6, 3, 2, '正常'),
(10, 6, 3, 5, '87%'),
(10, 6, 4, 3, 'Ⅱ 型'),
(10, 6, 5, 2, '左右向视动反应（对称）'),
(10, 6, 6, 2, '11.7'),
(10, 6, 6, 3, '45'),
(10, 6, 6, 4, '10.9'),
(10, 6, 6, 5, '20'),
(10, 6, 6, 6, '24.7'),
(10, 6, 6, 7, '31'),
(10, 6, 6, 8, '8.5'),
(10, 6, 6, 9, '21'),
(10, 6, 7, 1, '30%(L)'),
(10, 6, 8, 1, '28%(R)'),
(10, 6, 9, 1, '36.36°/s(R)'),
(10, 6, 12, 4, '左侧前庭功能减弱'),
(9, 6, 1, 2, '无'),
(9, 6, 2, 2, '正常'),
(9, 6, 2, 5, '无 burn°s眼震'),
(9, 6, 3, 2, '正常'),
(9, 6, 3, 5, '100%'),
(9, 6, 4, 3, 'Ⅱ 型'),
(9, 6, 5, 2, '左右向视动反应（对称）'),
(9, 6, 6, 2, '46.3'),
(9, 6, 6, 3, '64'),
(9, 6, 6, 4, '49.2'),
(9, 6, 6, 5, '58'),
(9, 6, 6, 6, '50.8'),
(9, 6, 6, 7, '47'),
(9, 6, 6, 8, '31.5'),
(9, 6, 6, 9, '70'),
(9, 6, 7, 1, '9%(L)'),
(9, 6, 8, 1, '12%(R)'),
(9, 6, 9, 1, '97.16°/s(R)'),
(9, 6, 12, 4, '双侧前庭功能兴奋'),
(8, 1, 1, 3, '晃动感'),
(8, 3, 2, 1, '有视力模糊'),
(8, 6, 1, 3, '有（自发向右眼震）'),
(8, 6, 2, 2, '正常'),
(8, 6, 2, 5, '无 burn°s眼震'),
(8, 6, 3, 2, '正常'),
(8, 6, 3, 5, '95%'),
(8, 6, 4, 3, 'Ⅱ 型'),
(8, 6, 5, 2, '左右向视动反应（对称）'),
(8, 6, 6, 2, '7.7'),
(8, 6, 6, 3, '0'),
(8, 6, 6, 4, '1.3'),
(8, 6, 6, 5, '44'),
(8, 6, 6, 6, '7.5'),
(8, 6, 6, 7, '22'),
(8, 6, 6, 8, '3.9'),
(8, 6, 6, 9, '0'),
(8, 6, 7, 1, '50%(L)'),
(8, 6, 8, 1, '14%(L)'),
(8, 6, 9, 1, '15.25°/s(R)'),
(8, 6, 12, 2, '自发向右眼震'),
(8, 6, 12, 4, '左侧前庭功能低下'),
(7, 1, 1, 3, '晃动感'),
(7, 1, 1, 4, '上下移动感'),
(7, 1, 1, 5, '左右移动感'),
(7, 1, 5, 1, '几'),
(7, 1, 5, 2, '秒'),
(7, 1, 7, 1, '头及身体转动时，眩晕加重'),
(7, 1, 7, 3, '与某种体位及头位有关系'),
(7, 2, 7, 1, '有高血压'),
(7, 2, 7, 2, '有高血脂'),
(7, 2, 7, 3, '有糖尿病史'),
(7, 5, 1, 1, 'BppV'),
(7, 6, 1, 2, '无'),
(7, 6, 2, 2, '正常'),
(7, 6, 2, 5, '无 burn°s眼震'),
(7, 6, 3, 2, '正常'),
(7, 6, 3, 5, '96%'),
(7, 6, 4, 3, 'Ⅱ 型'),
(7, 6, 5, 2, '左右向视动反应（对称）'),
(7, 6, 6, 2, '8'),
(7, 6, 6, 3, '6'),
(7, 6, 6, 4, '14.4'),
(7, 6, 6, 5, '32'),
(7, 6, 6, 6, '27.9'),
(7, 6, 6, 7, '32'),
(7, 6, 6, 8, '18'),
(7, 6, 6, 9, '32'),
(7, 6, 7, 1, '5%(L)'),
(7, 6, 8, 1, '24%(R)'),
(7, 6, 9, 1, '35.86°/s(R)'),
(7, 6, 12, 4, '双侧前庭功能大致正常'),
(6, 6, 1, 2, '无'),
(6, 6, 2, 2, '正常'),
(6, 6, 2, 5, '无 burn°s眼震'),
(6, 6, 3, 2, '正常'),
(6, 6, 3, 5, '89%'),
(6, 6, 4, 3, 'Ⅱ 型'),
(6, 6, 5, 2, '左右向视动反应（对称）'),
(6, 6, 6, 2, '34.5'),
(6, 6, 6, 3, '74'),
(6, 6, 6, 4, '36'),
(6, 6, 6, 5, '67'),
(6, 6, 6, 6, '27.1'),
(6, 6, 6, 7, '69'),
(6, 6, 6, 8, '27.4'),
(6, 6, 6, 9, '89'),
(6, 6, 7, 1, '1%(R)'),
(6, 6, 8, 1, '1%(R)'),
(6, 6, 9, 1, '63.42°/s(L)'),
(6, 6, 12, 4, '双侧前庭功能兴奋'),
(5, 6, 1, 2, '无'),
(5, 6, 2, 2, '正常'),
(5, 6, 2, 5, '无 burn°s眼震'),
(5, 6, 3, 2, '正常'),
(5, 6, 3, 5, '94%'),
(5, 6, 4, 4, 'Ⅲ 型'),
(5, 6, 5, 2, '左右向视动反应（对称）'),
(5, 6, 6, 2, '38.5'),
(5, 6, 6, 3, '34'),
(5, 6, 6, 4, '38.4'),
(5, 6, 6, 5, '21'),
(5, 6, 6, 6, '48.8'),
(5, 6, 6, 7, '35'),
(5, 6, 6, 8, '43.2'),
(5, 6, 6, 9, '65'),
(5, 6, 7, 1, '3%(L)'),
(5, 6, 8, 1, '3%(R)'),
(5, 6, 9, 1, '87.32°/s(R)'),
(5, 6, 12, 3, '视动中枢异常，建议结合病史必要时排除中枢病变'),
(5, 6, 12, 4, '双侧前庭功能兴奋'),
(5, 7, 1, 1, 'BppV'),
(4, 1, 1, 1, '外界物体旋转或自身旋转'),
(4, 1, 5, 1, '两三'),
(4, 1, 5, 3, '分钟'),
(4, 1, 7, 3, '与某种体位及头位有关系'),
(4, 1, 9, 3, '头痛'),
(4, 1, 9, 4, '右边头顶'),
(4, 5, 1, 1, 'BppV'),
(4, 6, 1, 2, '无'),
(4, 6, 2, 2, '正常'),
(4, 6, 2, 5, '无 burn°s眼震'),
(4, 6, 3, 2, '正常'),
(4, 6, 3, 5, '103%'),
(4, 6, 4, 3, 'Ⅱ 型'),
(4, 6, 5, 2, '左右向视动反应（对称）'),
(4, 6, 6, 2, '12.3'),
(4, 6, 6, 3, '41'),
(4, 6, 6, 4, '48.3'),
(4, 6, 6, 5, '37'),
(4, 6, 6, 6, '26.1'),
(4, 6, 6, 7, '44'),
(4, 6, 6, 8, '64.3'),
(4, 6, 6, 9, '68'),
(4, 6, 7, 1, '49%(R)'),
(4, 6, 8, 1, '1%(L)'),
(4, 6, 9, 1, '112.66°/s(L)'),
(4, 6, 12, 4, '右侧前庭功能减弱'),
(3, 1, 1, 1, '外界物体旋转或自身旋转'),
(3, 1, 5, 1, '十几'),
(3, 1, 5, 3, '分钟'),
(3, 1, 10, 2, '有耳鸣'),
(3, 1, 10, 5, 'R'),
(3, 1, 11, 1, '眩晕发作时   听力减退、耳鸣、耳胀满感的程度有加重'),
(3, 2, 7, 2, '有高血脂'),
(3, 6, 1, 2, '无'),
(3, 6, 2, 2, '正常'),
(3, 6, 2, 5, '无 burn°s眼震'),
(3, 6, 3, 2, '正常'),
(3, 6, 3, 5, '96%'),
(3, 6, 4, 3, 'Ⅱ 型'),
(3, 6, 5, 2, '左右向视动反应（对称）'),
(3, 6, 6, 2, '28.7'),
(3, 6, 6, 3, '26'),
(3, 6, 6, 4, '25.5'),
(3, 6, 6, 5, '23'),
(3, 6, 6, 6, '28.7'),
(3, 6, 6, 7, '25'),
(3, 6, 6, 8, '31.9'),
(3, 6, 6, 9, '25'),
(3, 6, 7, 1, '0%(R)'),
(3, 6, 8, 1, '6%(L)'),
(3, 6, 9, 1, '57.38°/s(L)'),
(3, 6, 12, 4, '双侧前庭功能兴奋'),
(2, 1, 1, 2, '漂浮感'),
(2, 1, 2, 2, '向右倾斜'),
(2, 1, 5, 1, '几'),
(2, 1, 5, 2, '秒'),
(2, 1, 9, 3, '头痛'),
(2, 1, 9, 4, '额头'),
(2, 2, 2, 2, '情绪激动'),
(2, 2, 2, 4, '过度劳累'),
(2, 2, 7, 1, '有高血压'),
(2, 2, 7, 2, '有高血脂'),
(2, 6, 1, 2, '无'),
(2, 6, 2, 2, '正常'),
(2, 6, 2, 5, '无 burn°s眼震'),
(2, 6, 3, 2, '正常'),
(2, 6, 3, 5, '95%'),
(2, 6, 4, 3, 'Ⅱ 型'),
(2, 6, 5, 2, '左右向视动反应（对称）'),
(2, 6, 6, 2, '50.3'),
(2, 6, 6, 3, '71'),
(2, 6, 6, 4, '21.2'),
(2, 6, 6, 5, '35'),
(2, 6, 6, 6, '57.5'),
(2, 6, 6, 7, '82'),
(2, 6, 6, 8, '39.3'),
(2, 6, 6, 9, '65'),
(2, 6, 7, 1, '28%(L)'),
(2, 6, 8, 1, '7%(L)'),
(2, 6, 9, 1, '107.74°/s(R)'),
(2, 6, 12, 4, '右侧前庭功能兴奋'),
(1, 1, 1, 1, '外界物体旋转或自身旋转'),
(1, 1, 4, 3, '头压迫感'),
(1, 1, 5, 1, '两三'),
(1, 1, 5, 4, '小时'),
(1, 1, 10, 1, '有听力减退'),
(1, 1, 10, 5, 'R有耳鸣'),
(1, 2, 7, 1, '有高血压'),
(1, 5, 1, 3, 'MD'),
(1, 6, 1, 3, '有（自发向右眼震）'),
(1, 6, 2, 2, '正常'),
(1, 6, 2, 5, '无 burn°s眼震'),
(1, 6, 3, 2, '正常'),
(1, 6, 3, 5, '87%'),
(1, 6, 4, 3, 'Ⅱ 型'),
(1, 6, 5, 2, '左右向视动反应（对称）'),
(1, 6, 6, 2, '12.2'),
(1, 6, 6, 3, '0'),
(1, 6, 6, 4, '16.8'),
(1, 6, 6, 5, '30'),
(1, 6, 6, 6, '15.8'),
(1, 6, 6, 7, '35'),
(1, 6, 6, 8, '26'),
(1, 6, 6, 9, '40'),
(1, 6, 7, 1, '21%(R)'),
(1, 6, 8, 1, '8%(L)'),
(1, 6, 9, 1, '42.78°/s(L)'),
(1, 6, 12, 2, '自发向右眼震'),
(1, 6, 12, 4, '双侧前庭功能大致正常'),
(1, 7, 1, 3, 'MD');

-- --------------------------------------------------------

--
-- 表的结构 `user_data`
--

CREATE TABLE `user_data` (
  `id` int(11) NOT NULL,
  `username` varchar(50) NOT NULL,
  `password` varchar(50) NOT NULL
) ENGINE=InnoDB DEFAULT CHARSET=utf8;

--
-- 转存表中的数据 `user_data`
--

INSERT INTO `user_data` (`id`, `username`, `password`) VALUES
(1, '111', '333');

--
-- Indexes for dumped tables
--

--
-- Indexes for table `luru_data`
--
ALTER TABLE `luru_data`
  ADD PRIMARY KEY (`id`);

--
-- Indexes for table `patient_data`
--
ALTER TABLE `patient_data`
  ADD PRIMARY KEY (`id`);

--
-- Indexes for table `setting_data`
--
ALTER TABLE `setting_data`
  ADD PRIMARY KEY (`id`);

--
-- Indexes for table `user_data`
--
ALTER TABLE `user_data`
  ADD PRIMARY KEY (`id`);

--
-- 在导出的表使用AUTO_INCREMENT
--

--
-- 使用表AUTO_INCREMENT `luru_data`
--
ALTER TABLE `luru_data`
  MODIFY `id` int(11) NOT NULL AUTO_INCREMENT, AUTO_INCREMENT=170;

--
-- 使用表AUTO_INCREMENT `patient_data`
--
ALTER TABLE `patient_data`
  MODIFY `id` int(11) NOT NULL AUTO_INCREMENT, AUTO_INCREMENT=72;

--
-- 使用表AUTO_INCREMENT `setting_data`
--
ALTER TABLE `setting_data`
  MODIFY `id` int(11) NOT NULL AUTO_INCREMENT, AUTO_INCREMENT=11;

--
-- 使用表AUTO_INCREMENT `user_data`
--
ALTER TABLE `user_data`
  MODIFY `id` int(11) NOT NULL AUTO_INCREMENT, AUTO_INCREMENT=2;
COMMIT;

/*!40101 SET CHARACTER_SET_CLIENT=@OLD_CHARACTER_SET_CLIENT */;
/*!40101 SET CHARACTER_SET_RESULTS=@OLD_CHARACTER_SET_RESULTS */;
/*!40101 SET COLLATION_CONNECTION=@OLD_COLLATION_CONNECTION */;
